SIRT3,4jt9,1,jt/pdb4jt9.ent
DHODH,4jts,1,jt/pdb4jts.ent
AKR1C2,4jtq,1,jt/pdb4jtq.ent
TTK,4jt3,1,jt/pdb4jt3.ent
TNKS,5jti,1,jt/pdb5jti.ent
MMP3,2jt5,1,jt/pdb2jt5.ent
MTOR,4jt6,1,jt/pdb4jt6.ent
F10,5jtc,2,jt/pdb5jtc.ent
NMT1,3jtk,1,jt/pdb3jtk.ent
MIF,3jtu,1,jt/pdb3jtu.ent
BRAF,5jt2,1,jt/pdb5jt2.ent
TTR,2qgc,1,qg/pdb2qgc.ent
ITK,3qgy,1,qg/pdb3qgy.ent
PKM,4qg9,1,qg/pdb4qg9.ent
F2,3qgn,1,qg/pdb3qgn.ent
ESR1,2qgt,1,qg/pdb2qgt.ent
BRD4,5uet,1,ue/pdb5uet.ent
CYP2B6,5uec,1,ue/pdb5uec.ent
BIRC5,3ueg,1,ue/pdb3ueg.ent
AADAT,3ue8,1,ue/pdb3ue8.ent
ABL1,3ue4,1,ue/pdb3ue4.ent
MMP7,5ue5,1,ue/pdb5ue5.ent
MMP9,5ue4,1,ue/pdb5ue4.ent
BRD2,5uew,1,ue/pdb5uew.ent
GAA,5nn4,1,nn/pdb5nn4.ent
FABP4,2nnq,1,nn/pdb2nnq.ent
PLK1,5nn1,1,nn/pdb5nn1.ent
CA1,2nn7,1,nn/pdb2nn7.ent
CYP2C8,2nnh,1,nn/pdb2nnh.ent
CA2,2nno,1,nn/pdb2nno.ent
MAPK14,3nnx,1,nn/pdb3nnx.ent
PTPN1,1nny,1,nn/pdb1nny.ent
HLA-A,4nny,1,nn/pdb4nny.ent
BCHE,5nn0,1,nn/pdb5nn0.ent
MAPK1,4qp6,1,qp/pdb4qp6.ent
JAK3,4qps,1,qp/pdb4qps.ent
LCK,1qpc,1,qp/pdb1qpc.ent
BACE1,2qp8,1,qp/pdb2qp8.ent
MME,2qpj,1,qp/pdb2qpj.ent
FDPS,4qpf,1,qp/pdb4qpf.ent
BAZ2B,5l8u,1,l8/pdb5l8u.ent
AURKA,5l8k,1,l8/pdb5l8k.ent
CREBBP,2l85,1,l8/pdb2l85.ent
TEK,3l8p,1,l8/pdb3l8p.ent
MET,3l8v,1,l8/pdb3l8v.ent
HRAS,3l8z,1,l8/pdb3l8z.ent
HSP90AA1,4l8z,1,l8/pdb4l8z.ent
SMPD1,5i8r,1,i8/pdb5i8r.ent
MEN1,4i80,1,i8/pdb4i80.ent
PDE4A,3i8v,1,i8/pdb3i8v.ent
CYP1A1,4i8v,1,i8/pdb4i8v.ent
NTRK1,5i8a,1,i8/pdb5i8a.ent
PLA2G7,5i8p,1,i8/pdb5i8p.ent
IGF1R,3i81,1,i8/pdb3i81.ent
EGFR,5jeb,1,je/pdb5jeb.ent
PTPN11,4jeg,1,je/pdb4jeg.ent
TYMS,4jef,1,je/pdb4jef.ent
NQO2,3uxh,1,ux/pdb3uxh.ent
DOT1L,5dtm,1,dt/pdb5dtm.ent
DPP4,4dtc,1,dt/pdb4dtc.ent
KDR,3dtw,1,dt/pdb3dtw.ent
IDE,4dtt,1,dt/pdb4dtt.ent
EIF4E,4dt6,1,dt/pdb4dt6.ent
HSD17B1,6dtp,1,dt/pdb6dtp.ent
MAP3K9,3dtc,1,dt/pdb3dtc.ent
PIM1,4dtk,1,dt/pdb4dtk.ent
PRNP,5l6r,1,l6/pdb5l6r.ent
PAK4,4l67,1,l6/pdb4l67.ent
PDGFRB,2l6w,1,l6/pdb2l6w.ent
GSTP1,5l6x,1,l6/pdb5l6x.ent
ROCK2,4l6q,1,l6/pdb4l6q.ent
EPHB3,5l6o,1,l6/pdb5l6o.ent
HLA-DRB1,3l6f,2,l6/pdb3l6f.ent
PARP1,4l6s,1,l6/pdb4l6s.ent
LIMK1,5l6w,1,l6/pdb5l6w.ent
REN,3vyf,1,vy/pdb3vyf.ent
F9,5vyg,1,vy/pdb5vyg.ent
MKNK2,6cjw,1,cj/pdb6cjw.ent
AGER,3cjj,1,cj/pdb3cjj.ent
AR,5cj6,1,cj/pdb5cj6.ent
CASP3,2cjx,1,cj/pdb2cjx.ent
CA14,5cjf,1,cj/pdb5cjf.ent
WDR5,4gm9,1,gm/pdb4gm9.ent
JAK2,4gmy,1,gm/pdb4gmy.ent
MAPK8,2gmx,1,gm/pdb2gmx.ent
CSNK2A1,6gmd,1,gm/pdb6gmd.ent
PCK1,2gmv,1,gm/pdb2gmv.ent
SMN1,5mf9,2,mf/pdb5mf9.ent
INSR,2mfr,1,mf/pdb2mfr.ent
PDE5A,3mf0,1,mf/pdb3mf0.ent
TP53,5mf7,1,mf/pdb5mf7.ent
MPO,5mfa,1,mf/pdb5mfa.ent
POLB,4mfa,1,mf/pdb4mfa.ent
GRIK1,4mf3,1,mf/pdb4mf3.ent
POLH,3mr3,1,mr/pdb3mr3.ent
AKT2,1mrv,1,mr/pdb1mrv.ent
TARDBP,5mrg,1,mr/pdb5mrg.ent
FYN,2mrj,1,mr/pdb2mrj.ent
MAOB,5mrl,1,mr/pdb5mrl.ent
GCKR,4mro,1,mr/pdb4mro.ent
PDPK1,5mrd,1,mr/pdb5mrd.ent
PDE10A,4mrz,1,mr/pdb4mrz.ent
SORT1,5mrh,1,mr/pdb5mrh.ent
S100A4,2mrd,1,mr/pdb2mrd.ent
GBA,2nt1,1,nt/pdb2nt1.ent
YARS,1ntg,1,nt/pdb1ntg.ent
RORC,5ntk,1,nt/pdb5ntk.ent
TNKS2,5nt4,1,nt/pdb5nt4.ent
PIN1,3ntp,1,nt/pdb3ntp.ent
DHFR,3ntz,1,nt/pdb3ntz.ent
RAC1,3sbd,1,sb/pdb3sbd.ent
MMP13,5uwk,1,uw/pdb5uwk.ent
CDC7,5uwq,4,uw/pdb5uwq.ent
L3MBTL1,3uwn,1,uw/pdb3uwn.ent
XIAP,3uw5,1,uw/pdb3uw5.ent
HDAC5,5uwi,4,uw/pdb5uwi.ent
AKR1C3,3uwe,1,uw/pdb3uwe.ent
BIRC2,3uw4,1,uw/pdb3uw4.ent
PPARG,3r5n,1,r5/pdb3r5n.ent
RXRA,3r5m,1,r5/pdb3r5m.ent
CASP7,3r5k,1,r5/pdb3r5k.ent
CASP2,3r5j,1,r5/pdb3r5j.ent
PRSS8,3gyl,1,gy/pdb3gyl.ent
PDE4B,3kkt,1,kk/pdb3kkt.ent
ACACB,5kkn,1,kk/pdb5kkn.ent
APP,5kk3,1,kk/pdb5kk3.ent
ROCK1,5kks,1,kk/pdb5kks.ent
FER,2kk6,1,kk/pdb2kk6.ent
MAPK10,4kkh,1,kk/pdb4kkh.ent
ABL2,2kk1,1,kk/pdb2kk1.ent
SNCA,2kkw,1,kk/pdb2kkw.ent
EPHA1,3kka,1,kk/pdb3kka.ent
EPHA2,3kka,2,kk/pdb3kka.ent
KMT2A,2kkf,1,kk/pdb2kkf.ent
ALB,4z69,1,z6/pdb4z69.ent
F7,4z6a,1,z6/pdb4z6a.ent
F3,4z6a,3,z6/pdb4z6a.ent
TPH1,5tpg,1,tp/pdb5tpg.ent
LIMK2,4tpt,1,tp/pdb4tpt.ent
GRIN1,5tpa,2,tp/pdb5tpa.ent
NOS2,5tp6,2,tp/pdb5tp6.ent
CFTR,2pzg,1,pz/pdb2pzg.ent
EP300,4pzt,1,pz/pdb4pzt.ent
FGFR2,2pz5,1,pz/pdb2pz5.ent
MAPKAPK2,2pzy,1,pz/pdb2pzy.ent
HNF4A,1pzl,1,pz/pdb1pzl.ent
POLK,3pzp,1,pz/pdb3pzp.ent
PLG,2doi,1,do/pdb2doi.ent
NR5A2,4dos,1,do/pdb4dos.ent
CDK2,3dog,1,do/pdb3dog.ent
RGS8,5do9,2,do/pdb5do9.ent
EPHX2,4y2x,1,y2/pdb4y2x.ent
PDE4D,1y2b,1,y2/pdb1y2b.ent
PDE7A,4y2b,1,y2/pdb4y2b.ent
HBB,1y2z,2,y2/pdb1y2z.ent
BRCA1,4y2g,1,y2/pdb4y2g.ent
HSD11B1,2rbe,1,rb/pdb2rbe.ent
FOLH1,3rbu,1,rb/pdb3rbu.ent
HCK,3rbb,2,rb/pdb3rbb.ent
F11,1zrk,1,zr/pdb1zrk.ent
PRKCI,1zrz,1,zr/pdb1zrz.ent
LATS2,4zri,2,zr/pdb4zri.ent
LTA4H,1sqm,1,sq/pdb1sqm.ent
PLAU,1sqa,1,sq/pdb1sqa.ent
NOS1,5uo1,1,uo/pdb5uo1.ent
NOS3,5uo8,1,uo/pdb5uo8.ent
MAP3K5,5uox,1,uo/pdb5uox.ent
GLS,3uo9,1,uo/pdb3uo9.ent
HDAC6,5kh9,1,kh/pdb5kh9.ent
JAK1,5khw,1,kh/pdb5khw.ent
CDK6,3nux,1,nu/pdb3nux.ent
THRB,1nuo,1,nu/pdb1nuo.ent
RPS6KA3,4nus,1,nu/pdb4nus.ent
HPRT1,6bnj,1,bn/pdb6bnj.ent
ITGAL,3bn3,1,bn/pdb3bn3.ent
TBK1,6bny,1,bn/pdb6bny.ent
CDK8,5bnj,1,bn/pdb5bnj.ent
ST14,3bn9,1,bn/pdb3bn9.ent
NR1I2,6bns,1,bn/pdb6bns.ent
CASP8,4zbw,1,zb/pdb4zbw.ent
MCL1,4zbi,1,zb/pdb4zbi.ent
PYGL,2zb2,1,zb/pdb2zb2.ent
TRPC3,5zbg,1,zb/pdb5zbg.ent
PTBP1,2n3o,1,n3/pdb2n3o.ent
CTSS,3n3g,1,n3/pdb3n3g.ent
CA9,6fe1,1,fe/pdb6fe1.ent
ABCG2,6feq,1,fe/pdb6feq.ent
KAT2B,5fe0,1,fe/pdb5fe0.ent
KPNA2,3fex,3,fe/pdb3fex.ent
KCNQ2,6feg,1,fe/pdb6feg.ent
MARK3,3fe3,1,fe/pdb3fe3.ent
PPARA,3fei,1,fe/pdb3fei.ent
RET,6fek,1,fe/pdb6fek.ent
CA6,3fe4,1,fe/pdb3fe4.ent
IDH1,4i3l,1,i3/pdb4i3l.ent
PTPRB,2i3u,1,i3/pdb2i3u.ent
MMP12,5i3m,1,i3/pdb5i3m.ent
BMP2K,5i3o,1,i3/pdb5i3o.ent
CYP3A4,4i3q,1,i3/pdb4i3q.ent
NAMPT,4m6p,1,m6/pdb4m6p.ent
RHOA,5m6x,2,m6/pdb5m6x.ent
PIK3CD,5m6u,1,m6/pdb5m6u.ent
APOBEC3A,2m65,1,m6/pdb2m65.ent
RIPK1,6c3e,1,c3/pdb6c3e.ent
FASN,5c37,1,c3/pdb5c37.ent
KCNJ11,6c3o,1,c3/pdb6c3o.ent
AKR1C1,3c3u,1,c3/pdb3c3u.ent
FGFR4,4xcu,1,xc/pdb4xcu.ent
KDM4A,5f5i,1,f5/pdb5f5i.ent
SRC,4f5a,1,f5/pdb4f5a.ent
TRAP1,5f5r,1,f5/pdb5f5r.ent
DAPK1,3f5u,1,f5/pdb3f5u.ent
GRM8,6bsz,1,bs/pdb6bsz.ent
KLK7,3bsq,1,bs/pdb3bsq.ent
BMP1,6bsm,1,bs/pdb6bsm.ent
AXL,5vxz,2,vx/pdb5vxz.ent
BCL2L1,5vx3,1,vx/pdb5vx3.ent
EPHB4,6fnl,1,fn/pdb6fnl.ent
ALK,4fnw,1,fn/pdb4fnw.ent
IRAK4,4xs2,1,xs/pdb4xs2.ent
RAD52,5xs0,1,xs/pdb5xs0.ent
MDM2,5j7f,1,j7/pdb5j7f.ent
GSK3B,4j71,1,j7/pdb4j71.ent
MAP3K7,5j7s,1,j7/pdb5j7s.ent
RIPK2,5j79,1,j7/pdb5j79.ent
GNAS,6e3y,3,e3/pdb6e3y.ent
CALCRL,6e3y,6,e3/pdb6e3y.ent
IDO1,6e35,1,e3/pdb6e35.ent
IKBKB,4e3c,1,e3/pdb4e3c.ent
CSNK2A2,3e3b,1,e3/pdb3e3b.ent
STK3,4oh9,1,oh/pdb4oh9.ent
CA13,5ohh,1,oh/pdb5ohh.ent
DLG4,5ohw,1,oh/pdb5ohw.ent
STK4,4oh8,1,oh/pdb4oh8.ent
DDR1,5bvw,1,bv/pdb5bvw.ent
PRKG2,5bv6,1,bv/pdb5bv6.ent
NR4A1,4jgv,1,jg/pdb4jgv.ent
NRP1,5jgq,1,jg/pdb5jgq.ent
PABPC1,1jgn,1,jg/pdb1jgn.ent
NR3C2,2abi,1,ab/pdb2abi.ent
USP2,5xve,1,xv/pdb5xve.ent
ALDH2,3sz9,1,sz/pdb3sz9.ent
ALDH3A1,3sza,1,sz/pdb3sza.ent
PPP1CA,4xpn,1,xp/pdb4xpn.ent
ACVR1,3q4u,1,q4/pdb3q4u.ent
PAK1,3q4z,1,q4/pdb3q4z.ent
HDAC8,5dc5,1,dc/pdb5dc5.ent
NR1H4,3dct,1,dc/pdb3dct.ent
GCK,4dch,1,dc/pdb4dch.ent
SCN5A,4dck,1,dc/pdb4dck.ent
PTK2,2etm,1,et/pdb2etm.ent
EPHA5,4et7,1,et/pdb4et7.ent
NCOA1,3et1,2,et/pdb3et1.ent
PPARD,3et2,1,et/pdb3et2.ent
PTK2B,3et7,1,et/pdb3et7.ent
PNP,5etj,1,et/pdb5etj.ent
PIK3CA,3hhm,1,hh/pdb3hhm.ent
CTSL,3hha,1,hh/pdb3hha.ent
TNNI3K,6b5j,1,b5/pdb6b5j.ent
TLR8,3w3g,1,w3/pdb3w3g.ent
UBE2N,3w31,2,w3/pdb3w31.ent
SIRT2,4y6l,1,y6/pdb4y6l.ent
RAD54L,5y6o,1,y6/pdb5y6o.ent
MARS,5y6l,1,y6/pdb5y6l.ent
KIF11,3hqd,1,hq/pdb3hqd.ent
KHK,2hqq,1,hq/pdb2hqq.ent
ERG,4hqa,1,hq/pdb4hqa.ent
CDK1,5hq0,1,hq/pdb5hq0.ent
ACHE,5hq3,1,hq/pdb5hq3.ent
PGR,3hq5,1,hq/pdb3hq5.ent
TRPV4,4dx1,1,dx/pdb4dx1.ent
CARM1,5dx8,1,dx/pdb5dx8.ent
NR3C1,6dxk,1,dx/pdb6dxk.ent
LDHA,4qsm,1,qs/pdb4qsm.ent
FLT3,3qs7,2,qs/pdb3qs7.ent
FDFT1,3q2z,1,q2/pdb3q2z.ent
AKR1B1,3s3g,1,s3/pdb3s3g.ent
TGM2,3s3p,1,s3/pdb3s3p.ent
BAP1,4s3o,2,s3/pdb4s3o.ent
ALOX5,3v98,1,v9/pdb3v98.ent
EHMT2,5v9i,1,v9/pdb5v9i.ent
MGAT2,5vcr,1,vc/pdb5vcr.ent
WEE1,5vc5,1,vc/pdb5vc5.ent
SELL,5vc1,1,vc/pdb5vc1.ent
WHSC1,5vc8,1,vc/pdb5vc8.ent
EGLN1,2g1m,1,g1/pdb2g1m.ent
ITGAV,4g1m,1,g1/pdb4g1m.ent
CHKA,3g15,1,g1/pdb3g15.ent
CSNK1G3,4g17,1,g1/pdb4g17.ent
PIK3CG,4g11,1,g1/pdb4g11.ent
ACVRL1,4fao,2,fa/pdb4fao.ent
ACVR2B,4fao,3,fa/pdb4fao.ent
TGFBR1,3faa,1,fa/pdb3faa.ent
ADM,2l7s,1,l7/pdb2l7s.ent
VDR,3b0t,1,b0/pdb3b0t.ent
GGPS1,6c56,1,c5/pdb6c56.ent
CHEK1,2hy0,1,hy/pdb2hy0.ent
ADAMTS5,3hy7,1,hy/pdb3hy7.ent
EZH2,5hyn,1,hy/pdb5hyn.ent
PLAUR,2i9b,2,i9/pdb2i9b.ent
PDE6D,5ml3,1,ml/pdb5ml3.ent
CA7,3ml5,1,ml/pdb3ml5.ent
CCR2,2mlq,1,ml/pdb2mlq.ent
PCNA,5mlw,1,ml/pdb5mlw.ent
KAT2A,5mlj,1,ml/pdb5mlj.ent
KCNH2,2l0w,1,l0/pdb2l0w.ent
ADAM17,3l0v,1,l0/pdb3l0v.ent
CTDSP1,3l0b,1,l0/pdb3l0b.ent
EPHA3,4l0p,1,l0/pdb4l0p.ent
PRKG1,5l0n,1,l0/pdb5l0n.ent
NR1H2,3l0e,1,l0/pdb3l0e.ent
SPHK1,4l02,1,l0/pdb4l02.ent
VCP,4ko8,1,ko/pdb4ko8.ent
MAP2K4,3aln,1,al/pdb3aln.ent
POLI,2alz,3,al/pdb2alz.ent
TNF,3alq,1,al/pdb3alq.ent
AOC3,3ala,1,al/pdb3ala.ent
MMP2,1qib,1,qi/pdb1qib.ent
PDE9A,3qi4,1,qi/pdb3qi4.ent
PNMT,2g71,1,g7/pdb2g71.ent
HTR1B,6g79,4,g7/pdb6g79.ent
P2RX3,5svl,1,sv/pdb5svl.ent
EIF2AK3,5sv7,1,sv/pdb5sv7.ent
MPHOSPH8,3svm,1,sv/pdb3svm.ent
MARK2,3iec,1,ie/pdb3iec.ent
BCL2,4ieh,1,ie/pdb4ieh.ent
APEX1,4iem,1,ie/pdb4iem.ent
MARK4,5es1,1,es/pdb5es1.ent
ERBB3,5cus,1,cu/pdb5cus.ent
DAO,3cuk,1,cu/pdb3cuk.ent
MAP3K2,2cu1,1,cu/pdb2cu1.ent
THRA,2h79,1,h7/pdb2h79.ent
EPAS1,3h7w,1,h7/pdb3h7w.ent
CTSK,3h7d,1,h7/pdb3h7d.ent
SYK,5tiu,1,ti/pdb5tiu.ent
PRKAA2,6bx6,1,bx/pdb6bx6.ent
PRKACA,5bx6,1,bx/pdb5bx6.ent
MAP2K1,5bx0,1,bx/pdb5bx0.ent
FKBP5,5bxj,1,bx/pdb5bxj.ent
GRB2,3ov1,1,ov/pdb3ov1.ent
NCF1,1ov3,1,ov/pdb1ov3.ent
RACGAP1,2ovj,1,ov/pdb2ovj.ent
PTPN5,5ovr,1,ov/pdb5ovr.ent
ACE2,3kbh,1,kb/pdb3kbh.ent
CSNK1D,4kba,1,kb/pdb4kba.ent
FBP1,3kbz,1,kb/pdb3kbz.ent
ACP1,5jns,1,jn/pdb5jns.ent
CA4,5jna,1,jn/pdb5jna.ent
NPC1,5jnx,1,jn/pdb5jnx.ent
MATK,3us4,1,us/pdb3us4.ent
PDE2A,5u7l,1,u7/pdb5u7l.ent
RECQL,4u7d,1,u7/pdb4u7d.ent
METAP1,4u71,1,u7/pdb4u71.ent
ERBB4,3u7u,1,u7/pdb3u7u.ent
SMAD3,1u7f,1,u7/pdb1u7f.ent
BLM,5m1v,1,m1/pdb5m1v.ent
PPIA,3rdd,1,rd/pdb3rdd.ent
ITGA2B,2n9y,1,n9/pdb2n9y.ent
SUMO2,2n9e,2,n9/pdb2n9e.ent
PLK4,4n9j,1,n9/pdb4n9j.ent
CSF1R,4r7h,1,r7/pdb4r7h.ent
LDLR,3p5b,2,p5/pdb3p5b.ent
DCK,1p5z,1,p5/pdb1p5z.ent
ICAM1,1p53,1,p5/pdb1p53.ent
CYP51A1,3juv,1,ju/pdb3juv.ent
APAF1,5juy,1,ju/pdb5juy.ent
CASP9,5juy,3,ju/pdb5juy.ent
P4HB,4ju5,1,ju/pdb4ju5.ent
CLK1,1z57,1,z5/pdb1z57.ent
RPS6KB1,3we4,1,we/pdb3we4.ent
AKR1B10,4wev,1,we/pdb4wev.ent
AMD1,3dz2,1,dz/pdb3dz2.ent
CCL2,4dn4,2,dn/pdb4dn4.ent
PTPRF,2dn7,1,dn/pdb2dn7.ent
CCL5,5dnf,1,dn/pdb5dnf.ent
MAP3K14,4dn5,1,dn/pdb4dn5.ent
MMP8,3dng,1,dn/pdb3dng.ent
PTPN22,2qcj,1,qc/pdb2qcj.ent
POLA1,4qcl,1,qc/pdb4qcl.ent
PDK1,3qcx,1,qc/pdb3qcx.ent
METAP2,5jfr,1,jf/pdb5jfr.ent
EPHA4,5jr2,1,jr/pdb5jr2.ent
MAP3K3,2jrh,1,jr/pdb2jrh.ent
BTK,5jrs,1,jr/pdb5jrs.ent
SLC11A2,5f0p,4,f0/pdb5f0p.ent
MLYCD,4f0x,1,f0/pdb4f0x.ent
TPSAB1,5f03,1,f0/pdb5f03.ent
TSG101,2f0r,1,f0/pdb2f0r.ent
HSPA5,5f0x,1,f0/pdb5f0x.ent
RARB,4dm8,1,dm/pdb4dm8.ent
TXK,2dm0,1,dm/pdb2dm0.ent
RPS6KA5,3kn5,1,kn/pdb3kn5.ent
PTPN7,2qdp,1,qd/pdb2qdp.ent
SUMO1,3kyd,3,ky/pdb3kyd.ent
RXRB,5kya,2,ky/pdb5kya.ent
FGFR1,3ky2,1,ky/pdb3ky2.ent
QPCT,2afx,1,af/pdb2afx.ent
MARK1,6c9d,1,c9/pdb6c9d.ent
LNPEP,5c97,1,c9/pdb5c97.ent
CA12,4qj0,1,qj/pdb4qj0.ent
NR5A1,4qjr,1,qj/pdb4qjr.ent
TOP2A,5gwk,1,gw/pdb5gwk.ent
AHCY,4yvf,1,yv/pdb4yvf.ent
STAT1,1yvl,1,yv/pdb1yvl.ent
MTAP,1sd2,1,sd/pdb1sd2.ent
CASP1,2fqq,1,fq/pdb2fqq.ent
ADAM10,6bdz,3,bd/pdb6bdz.ent
NQO1,3jsx,1,js/pdb3jsx.ent
ESR2,2fsz,1,fs/pdb2fsz.ent
GLP1R,5nx2,1,nx/pdb5nx2.ent
GLA,4nxs,1,nx/pdb4nxs.ent
BRD3,2nxb,1,nx/pdb2nxb.ent
ACE,3nxq,1,nx/pdb3nxq.ent
PRSS1,4wxv,1,wx/pdb4wxv.ent
DNMT1,4wxx,1,wx/pdb4wxx.ent
FABP3,3wxq,1,wx/pdb3wxq.ent
RAD51,5h1b,1,h1/pdb5h1b.ent
GRM2,5kzn,1,kz/pdb5kzn.ent
ENPEP,4kxd,1,kx/pdb4kxd.ent
TKT,4kxx,1,kx/pdb4kxx.ent
ENPP2,5kxa,1,kx/pdb5kxa.ent
CHRNA4,5kxi,1,kx/pdb5kxi.ent
SERPINE1,4g8o,1,g8/pdb4g8o.ent
TLR4,4g8a,1,g8/pdb4g8a.ent
AKT1,6buu,1,bu/pdb6buu.ent
MGAM,3top,1,to/pdb3top.ent
L3MBTL3,4fl6,1,fl/pdb4fl6.ent
PADI4,5n0y,1,n0/pdb5n0y.ent
TIE1,5n06,1,n0/pdb5n06.ent
PLEC,2n03,1,n0/pdb2n03.ent
NR1D1,3n00,1,n0/pdb3n00.ent
DPP7,3n0t,1,n0/pdb3n0t.ent
MAP4K4,4obo,1,ob/pdb4obo.ent
ERBB2,5ob4,1,ob/pdb5ob4.ent
CTSD,4obz,1,ob/pdb4obz.ent
CETP,2obd,1,ob/pdb2obd.ent
CDK9,3tn8,1,tn/pdb3tn8.ent
GRK5,4tnd,1,tn/pdb4tnd.ent
CDC25B,2a2k,1,a2/pdb2a2k.ent
FKBP1A,2nd5,1,nd/pdb2nd5.ent
MLLT3,2ndf,1,nd/pdb2ndf.ent
EPHB2,2qbx,1,qb/pdb2qbx.ent
ALDH1A1,5tei,1,te/pdb5tei.ent
ACLY,5tes,1,te/pdb5tes.ent
AAK1,5te0,1,te/pdb5te0.ent
LGALS3,5ody,1,od/pdb5ody.ent
MBNL1,5u9b,1,u9/pdb5u9b.ent
CTNNB1,3sl9,1,sl/pdb3sl9.ent
FES,3bkb,1,bk/pdb3bkb.ent
CAMKK2,6bku,1,bk/pdb6bku.ent
ITGA4,3v4v,1,v4/pdb3v4v.ent
LMNA,3v4w,1,v4/pdb3v4w.ent
APOBEC3G,3v4k,1,v4/pdb3v4k.ent
GCGR,4lf3,3,lf/pdb4lf3.ent
KDM1A,5yjb,1,yj/pdb5yjb.ent
GSTM1,1yj6,1,yj/pdb1yj6.ent
CBX7,5epj,1,ep/pdb5epj.ent
CXCL8,5wdz,1,wd/pdb5wdz.ent
ADAMTS4,3b2z,1,b2/pdb3b2z.ent
MAP2K7,5b2l,1,b2/pdb5b2l.ent
TERT,5ugw,1,ug/pdb5ugw.ent
NOD1,2nsn,1,ns/pdb2nsn.ent
DNM1,6dlv,1,dl/pdb6dlv.ent
PASK,3dls,1,dl/pdb3dls.ent
GSG2,3dlz,1,dl/pdb3dlz.ent
PIP4K2B,3x05,1,x0/pdb3x05.ent
FEN1,5um9,1,um/pdb5um9.ent
CACNA1C,2be6,2,be/pdb2be6.ent
F2R,3bef,3,be/pdb3bef.ent
SRPK1,3beg,1,be/pdb3beg.ent
ADRBK1,5uvc,1,uv/pdb5uvc.ent
DYRK1A,4nct,1,nc/pdb4nct.ent
SLC6A4,6awo,1,aw/pdb6awo.ent
SLC9A1,1y4e,1,y4/pdb1y4e.ent
PKD2,2y4q,1,y4/pdb2y4q.ent
COMT,4xue,1,xu/pdb4xue.ent
KLKB1,2anw,1,an/pdb2anw.ent
PLK2,4xb0,1,xb/pdb4xb0.ent
TK1,1xbt,1,xb/pdb1xbt.ent
GRIA2,3ua8,1,ua/pdb3ua8.ent
CDC42BPB,4ual,1,ua/pdb4ual.ent
CDK7,1ua2,1,ua/pdb1ua2.ent
TNK2,4id7,1,id/pdb4id7.ent
MAP3K12,5vo1,1,vo/pdb5vo1.ent
EIF4A1,2g9n,1,g9/pdb2g9n.ent
FCER2,4g9a,1,g9/pdb4g9a.ent
CASP6,4iyr,1,iy/pdb4iyr.ent
HDAC2,4ly1,1,ly/pdb4ly1.ent
GLRA1,1vry,1,vr/pdb1vry.ent
CYP2D6,4xrz,1,xr/pdb4xrz.ent
ECE1,3dwb,1,dw/pdb3dwb.ent
CMA1,4k5z,1,k5/pdb4k5z.ent
PDGFRA,5k5x,1,k5/pdb5k5x.ent
CASR,5k5s,1,k5/pdb5k5s.ent
MKNK1,5wvd,1,wv/pdb5wvd.ent
SCD,4zyo,1,zy/pdb4zyo.ent
GART,4zyw,1,zy/pdb4zyw.ent
ANPEP,5lhd,1,lh/pdb5lhd.ent
PSMD14,5vgz,15,vg/pdb5vgz.ent
ADORA2A,3vga,1,vg/pdb3vga.ent
MAP3K11,6aqb,1,aq/pdb6aqb.ent
NEK2,5m57,1,m5/pdb5m57.ent
COPS5,5m5q,1,m5/pdb5m5q.ent
MELK,5m5a,1,m5/pdb5m5a.ent
SI,3lpo,1,lp/pdb3lpo.ent
GMNN,2lp0,2,lp/pdb2lp0.ent
GRIK2,3qxm,1,qx/pdb3qxm.ent
MMP14,4qxu,3,qx/pdb4qxu.ent
F12,4xde,1,xd/pdb4xde.ent
KDM4C,4xdo,1,xd/pdb4xdo.ent
CENPE,1t5c,1,t5/pdb1t5c.ent
KARS,4ycu,1,yc/pdb4ycu.ent
PPP5C,3h62,1,h6/pdb3h62.ent
CTSV,3h6s,1,h6/pdb3h6s.ent
HPGDS,4edy,1,ed/pdb4edy.ent
SGK3,6edx,1,ed/pdb6edx.ent
SCN2A,4jpz,2,jp/pdb4jpz.ent
KCNMA1,3naf,1,na/pdb3naf.ent
NLRP3,2naq,1,na/pdb2naq.ent
PTK6,6cz2,1,cz/pdb6cz2.ent
CTSH,6czk,1,cz/pdb6czk.ent
CYP1A2,2hi4,1,hi/pdb2hi4.ent
GABRA1,6d6t,2,d6/pdb6d6t.ent
CPB2,3d66,1,d6/pdb3d66.ent
LRRK2,3d6t,1,d6/pdb3d6t.ent
BMX,2ys2,1,ys/pdb2ys2.ent
CXCR2,5tyt,1,ty/pdb5tyt.ent
TGFBR2,5ty4,1,ty/pdb5ty4.ent
CYP17A1,3swz,1,sw/pdb3swz.ent
HPSE,5la7,1,la/pdb5la7.ent
MAP2K6,3fme,1,fm/pdb3fme.ent
RBP4,3fmz,1,fm/pdb3fmz.ent
CBX1,2fmm,2,fm/pdb2fmm.ent
HMGCR,2q6c,1,q6/pdb2q6c.ent
TYK2,4gvj,1,gv/pdb4gvj.ent
BCL2A1,3i1h,1,i1/pdb3i1h.ent
TDP1,1rg2,2,rg/pdb1rg2.ent
EIF2AK2,3uiu,1,ui/pdb3uiu.ent
CYP2A6,4rui,1,ru/pdb4rui.ent
CXCR4,2n55,2,n5/pdb2n55.ent
HCN1,5u6p,1,u6/pdb5u6p.ent
MERTK,5u6c,1,u6/pdb5u6c.ent
CTBP1,4u6s,1,u6/pdb4u6s.ent
ERN1,4u6r,1,u6/pdb4u6r.ent
CSNK1E,4hni,1,hn/pdb4hni.ent
FLT1,3hng,1,hn/pdb3hng.ent
LGMN,4n6o,1,n6/pdb4n6o.ent
NTRK3,4ymj,1,ym/pdb4ymj.ent
HSP90AB1,3pry,1,pr/pdb3pry.ent
CAPN1,1zcm,1,zc/pdb1zcm.ent
ESRRA,3k6p,1,k6/pdb3k6p.ent
MAP3K10,2rf0,1,rf/pdb2rf0.ent
PRKAA1,4rer,1,re/pdb4rer.ent
EPHA7,2rei,1,re/pdb2rei.ent
STK24,4qo9,1,qo/pdb4qo9.ent
MGMT,1yfh,3,yf/pdb1yfh.ent
HDAC4,2h8n,1,h8/pdb2h8n.ent
CDC25A,1c25,1,c2/pdb1c25.ent
TEC,2lul,1,lu/pdb2lul.ent
ZAP70,4k2r,1,k2/pdb4k2r.ent
DYRK2,3k2l,1,k2/pdb3k2l.ent
SENP8,1xt9,1,xt/pdb1xt9.ent
TOP1,1nh3,4,nh/pdb1nh3.ent
HSP90B1,4nh9,1,nh/pdb4nh9.ent
PTGES,4wab,1,wa/pdb4wab.ent
PI4KB,4wag,1,wa/pdb4wag.ent
TNIK,5cwz,1,cw/pdb5cwz.ent
MAPK7,5byy,1,by/pdb5byy.ent
HCN4,3u11,1,u1/pdb3u11.ent
PBK,5j0a,1,j0/pdb5j0a.ent
APOBEC3F,4iou,1,io/pdb4iou.ent
RAF1,3kuc,2,ku/pdb3kuc.ent
EPHA8,3kul,1,ku/pdb3kul.ent
GLO1,3w0u,1,w0/pdb3w0u.ent
CYP2C9,5w0c,1,w0/pdb5w0c.ent
C1S,4j1y,1,j1/pdb4j1y.ent
NFKB1,2o61,4,o6/pdb2o61.ent
UGT2B7,2o6l,1,o6/pdb2o6l.ent
ERAP1,3rjo,1,rj/pdb3rjo.ent
GRM3,4xar,1,xa/pdb4xar.ent
BMPR1B,3mdy,1,md/pdb3mdy.ent
RGS7,2d9j,1,d9/pdb2d9j.ent
CHRM4,6d9h,4,d9/pdb6d9h.ent
PARP2,4pjv,1,pj/pdb4pjv.ent
ZAK,5x5o,1,x5/pdb5x5o.ent
MST1R,4fww,1,fw/pdb4fww.ent
CYP11B2,4zgx,1,zg/pdb4zgx.ent
WNK3,5o26,1,o2/pdb5o26.ent
PTPN12,5o2p,1,o2/pdb5o2p.ent
MAP2K5,2o2v,1,o2/pdb2o2v.ent
EGLN2,5v1b,1,v1/pdb5v1b.ent
CAMKK1,6ccf,1,cc/pdb6ccf.ent
RPS6KA1,5csn,2,cs/pdb5csn.ent
BMPR2,3g2f,1,g2/pdb3g2f.ent
ACACA,6g2d,1,g2/pdb6g2d.ent
CDK4,3g33,1,g3/pdb3g33.ent
C1R,6f1c,1,f1/pdb6f1c.ent
PTGS2,5f19,1,f1/pdb5f19.ent
MAPK13,5eko,1,ek/pdb5eko.ent
CTRC,4h4f,1,h4/pdb4h4f.ent
DUT,5h4j,1,h4/pdb5h4j.ent
CTSB,3cbj,1,cb/pdb3cbj.ent
GFER,3u2l,1,u2/pdb3u2l.ent
PTPRC,1ygu,1,yg/pdb1ygu.ent
SIRT1,4ig9,1,ig/pdb4ig9.ent
CAMK2A,5ig3,1,ig/pdb5ig3.ent
PAK2,3pcs,2,pc/pdb3pcs.ent
CLK2,3nr9,1,nr/pdb3nr9.ent
ALOX15B,4nre,1,nr/pdb4nre.ent
MAPK3,4qtb,1,qt/pdb4qtb.ent
GABRA5,5o8f,1,o8/pdb5o8f.ent
PRMT3,4qqn,1,qq/pdb4qqn.ent
ADRB2,4gbr,1,gb/pdb4gbr.ent
FURIN,4omc,1,om/pdb4omc.ent
CPA1,5om9,1,om/pdb5om9.ent
CYP19A1,3s7s,1,s7/pdb3s7s.ent
MYLK,2yr3,1,yr/pdb2yr3.ent
PRKCH,3txo,1,tx/pdb3txo.ent
MAPK11,3gp0,1,gp/pdb3gp0.ent
RARG,6fx0,1,fx/pdb6fx0.ent
CDC25C,3op3,1,op/pdb3op3.ent
NEK7,6gt1,1,gt/pdb6gt1.ent
STK10,6gtt,1,gt/pdb6gtt.ent
DUSP3,3f81,1,f8/pdb3f81.ent
PPOX,3nks,1,nk/pdb3nks.ent
CLK3,2exe,1,ex/pdb2exe.ent
KIT,4u0i,1,u0/pdb4u0i.ent
DAPK3,3bhy,1,bh/pdb3bhy.ent
CAMK2B,3bhh,1,bh/pdb3bhh.ent
IMPDH2,1nfb,1,nf/pdb1nfb.ent
MAP4K3,5j5t,1,j5/pdb5j5t.ent
PADI2,4n2l,1,n2/pdb4n2l.ent
PRCP,3n2z,1,n2/pdb3n2z.ent
ATR,3n2n,1,n2/pdb3n2n.ent
MGLL,3pe6,1,pe/pdb3pe6.ent
CHRNA7,2maw,1,ma/pdb2maw.ent
CCR4,6mal,1,ma/pdb6mal.ent
PI4KA,6bq1,1,bq/pdb6bq1.ent
NR1H3,5avi,1,av/pdb5avi.ent
RORA,4s15,1,s1/pdb4s15.ent
F13A1,5mhm,1,mh/pdb5mhm.ent
CHAT,2fy4,1,fy/pdb2fy4.ent
CLK4,6fyv,1,fy/pdb6fyv.ent
KCNN4,6d42,1,d4/pdb6d42.ent
EYA2,4egc,2,eg/pdb4egc.ent
GALK1,1wuu,1,wu/pdb1wuu.ent
TMPRSS15,4dgj,1,dg/pdb4dgj.ent
WRN,2dgz,1,dg/pdb2dgz.ent
GAK,4o38,1,o3/pdb4o38.ent
CD22,5vkm,1,vk/pdb5vkm.ent
EEF2K,5j8h,2,j8/pdb5j8h.ent
ULK3,6fdy,1,fd/pdb6fdy.ent
PAK3,6fd3,1,fd/pdb6fd3.ent
IRAK1,6bfn,1,bf/pdb6bfn.ent
CTSA,4mws,1,mw/pdb4mws.ent
RIOK1,4otp,1,ot/pdb4otp.ent
PKN1,4otd,1,ot/pdb4otd.ent
GSR,3dk8,1,dk/pdb3dk8.ent
CA3,1z97,1,z9/pdb1z97.ent
DAPK2,1z9x,1,z9/pdb1z9x.ent
STK25,4nzw,2,nz/pdb4nzw.ent
PDF,5vz4,1,vz/pdb5vz4.ent
JUN,5t01,3,t0/pdb5t01.ent
HTT,6ez8,1,ez/pdb6ez8.ent
RARA,5k13,1,k1/pdb5k13.ent
SRPK2,5myv,1,my/pdb5myv.ent
GRK6,2acx,1,ac/pdb2acx.ent
PSMB2,5vfo,11,vf/pdb5vfo.ent
PSMB5,5vfo,12,vf/pdb5vfo.ent
PSMB1,5vfo,13,vf/pdb5vfo.ent
PLA2G10,5owc,1,ow/pdb5owc.ent
PLA2G2A,3u8b,1,u8/pdb3u8b.ent
ADA,3iar,1,ia/pdb3iar.ent
CTSC,3pdf,1,pd/pdb3pdf.ent
NAT1,2ija,1,ij/pdb2ija.ent
PADI1,5hp5,1,hp/pdb5hp5.ent
GAPDH,6ade,1,ad/pdb6ade.ent
GRIN2B,5ewj,2,ew/pdb5ewj.ent
BACE2,2ewy,1,ew/pdb2ewy.ent
TDP2,5ino,1,in/pdb5ino.ent
CHUK,5tqw,1,tq/pdb5tqw.ent
GRK4,4yhj,1,yh/pdb4yhj.ent
IMPDH1,1jcn,1,jc/pdb1jcn.ent
FGFR3,2lzl,1,lz/pdb2lzl.ent
NFE2L2,2lz1,1,lz/pdb2lz1.ent
KCNQ1,3hfc,1,hf/pdb3hfc.ent
PREP,3ddu,1,dd/pdb3ddu.ent
CRHR1,2l27,1,l2/pdb2l27.ent
PRKCA,3iw4,1,iw/pdb3iw4.ent
ADK,4o1l,1,o1/pdb4o1l.ent
CD74,1iie,1,ii/pdb1iie.ent
STAT6,5nwx,2,nw/pdb5nwx.ent
AVPR1A,1ytv,2,yt/pdb1ytv.ent
LDHB,1i0z,1,i0/pdb1i0z.ent
VRK2,5uu1,1,uu/pdb5uu1.ent
KLK3,4ogx,1,og/pdb4ogx.ent
RELA,5urn,2,ur/pdb5urn.ent
CGA,1xwd,1,xw/pdb1xwd.ent
FSHR,1xwd,3,xw/pdb1xwd.ent
PDE3B,1soj,1,so/pdb1soj.ent
MMP1,1su3,1,su/pdb1su3.ent
PTPN6,4gry,1,gr/pdb4gry.ent
KLK5,2psy,1,ps/pdb2psy.ent
RXFP2,2m96,1,m9/pdb2m96.ent
BIRC3,3m0a,2,m0/pdb3m0a.ent
MCOLN3,6aye,1,ay/pdb6aye.ent
CAMK2D,6ayw,1,ay/pdb6ayw.ent
PSEN1,2kr6,1,kr/pdb2kr6.ent
C5AR1,5o9h,1,o9/pdb5o9h.ent
NTRK2,5mo9,3,mo/pdb5mo9.ent
HDAC7,3c0y,1,c0/pdb3c0y.ent
ABCB1,6c0v,1,c0/pdb6c0v.ent
CSNK1A1,6gzd,1,gz/pdb6gzd.ent
DDR2,2z4f,1,z4/pdb2z4f.ent
ATM,5np0,1,np/pdb5np0.ent
MAPK9,3npc,1,np/pdb3npc.ent
EPHB1,2djs,1,dj/pdb2djs.ent
SLC1A3,5mju,1,mj/pdb5mju.ent
CES1,2hrr,1,hr/pdb2hrr.ent
NPC1L1,3qnt,1,qn/pdb3qnt.ent
WNK2,6elm,1,el/pdb6elm.ent
PLA2G1B,3elo,1,el/pdb3elo.ent
CSK,3d7u,1,d7/pdb3d7u.ent
APLNR,2low,1,lo/pdb2low.ent
AHR,5nj8,1,nj/pdb5nj8.ent
GRM5,3lmk,1,lm/pdb3lmk.ent
STK17B,3lm0,1,lm/pdb3lm0.ent
PRKDC,5y3r,6,y3/pdb5y3r.ent
MAP2K2,1s9i,1,s9/pdb1s9i.ent
PIM2,4x7q,1,x7/pdb4x7q.ent
CYP1B1,3pm0,1,pm/pdb3pm0.ent
TYRO3,1rhf,1,rh/pdb1rhf.ent
MAPKAPK3,3she,1,sh/pdb3she.ent
NISCH,3p0c,1,p0/pdb3p0c.ent
RGS16,2ik8,2,ik/pdb2ik8.ent
PKLR,4ip7,1,ip/pdb4ip7.ent
RIOK2,5dhf,4,dh/pdb5dhf.ent
PLAT,5brr,2,br/pdb5brr.ent
SENP7,3eay,1,ea/pdb3eay.ent
PRKCQ,4q9z,1,q9/pdb4q9z.ent
CDK5,3o0g,1,o0/pdb3o0g.ent
BCL2L2,1o0l,1,o0/pdb1o0l.ent
TLK2,5o0y,1,o0/pdb5o0y.ent
GIPR,4hj0,1,hj/pdb4hj0.ent
CHEK2,3i6u,1,i6/pdb3i6u.ent
LYN,5xy1,1,xy/pdb5xy1.ent
SIGMAR1,5hk2,1,hk/pdb5hk2.ent
CYP2C19,4gqs,1,gq/pdb4gqs.ent
ALOX5AP,2q7r,1,q7/pdb2q7r.ent
DYRK3,5y86,1,y8/pdb5y86.ent
MAP3K8,4y85,1,y8/pdb4y85.ent
ALOX12,3d3l,1,d3/pdb3d3l.ent
IRAK3,5uke,1,uk/pdb5uke.ent
G6PD,5ukw,1,uk/pdb5ukw.ent
PYGM,1z8d,1,z8/pdb1z8d.ent
DPP9,6eor,1,eo/pdb6eor.ent
DPP8,6eot,1,eo/pdb6eot.ent
ULK1,5ci7,1,ci/pdb5ci7.ent
DCLK1,5jzn,1,jz/pdb5jzn.ent
PRKCD,2yuu,1,yu/pdb2yuu.ent
CHRM2,4mqs,1,mq/pdb4mqs.ent
PRKCG,2e73,1,e7/pdb2e73.ent
RXFP1,2jm4,1,jm/pdb2jm4.ent
RXRG,2gl8,1,gl/pdb2gl8.ent
EDNRB,5gli,1,gl/pdb5gli.ent
CXCR1,2lnl,1,ln/pdb2lnl.ent
RGS12,2ebz,1,eb/pdb2ebz.ent
CCR5,2mzx,1,mz/pdb2mzx.ent
TSHR,3g04,3,g0/pdb3g04.ent
PAK6,4ks8,1,ks/pdb4ks8.ent
GRM1,3ks9,1,ks/pdb3ks9.ent
HDAC1,5icn,2,ic/pdb5icn.ent
CAMK1,4fgb,1,fg/pdb4fgb.ent
KLK1,1spj,1,sp/pdb1spj.ent
YES1,2hda,1,hd/pdb2hda.ent
SGK1,3hdn,1,hd/pdb3hdn.ent
