  [1], [99],[100],[151],[101],  [2],[153],[172],[106],[107],[173],[102],[109],[174], [98],[152],  [3],[147],[170],[154]
  [0],  [2],[172],[100],[173], [99],[153],[170],[151],[174],[171],[102],  [3],[101],[154],[147], [98],[148],[175],[106]
  [1],  [3],[171], [99],[170], [97], [98],[100],[147],  [4],[172],[109],[169], [95],  [0],[151],[111],[173],[153],[143]
  [4],  [2], [98],[169],[170],[100], [99], [97],  [5],[105],[103],[168],  [1],[171],[102],[104],[167],[106],[109],[158]
  [5],  [3],[169],[168], [17], [18],  [6],  [2], [97],[170],[167], [98],[171], [95], [16],[166], [96],[100],[158],[105]
  [4],  [6],[167], [18], [17],[169],[168],[166],  [3],  [7], [16], [97], [98],[165],[170],[160],[162],[360],  [2], [24]
[167],  [7],  [5],[168], [16],[162],[166],  [4], [17],[169],[161],[165], [15],[160], [27], [18],  [8],[159],[358],[164]
  [6], [16],  [8],[165],  [9],[166],[162],[167], [15],  [5], [17],[164], [18], [14], [10], [24],[161], [27], [13],  [4]
 [13],  [9],  [7], [15],[162], [10],[163],[164], [14],[165], [12],[334],  [6], [16],[161], [11],[330],[331],[232],[167]
 [10], [12], [11], [13],  [8], [14],[127],  [7], [16], [15],[128],[126],[130],[129], [26],[162], [24],  [6],[164],[125]
  [9], [11], [12],  [8], [13], [14],  [7],[127],[164],[128], [15],[163],[165], [16],[162],[232],[306],[129],[126],  [6]
 [12], [10],  [9], [13],[127], [14],  [8],[128],[125],[126], [15],  [7],[232],[307], [16],[130],[129], [81],[306],[124]
 [11], [13], [14],  [9],[127], [10],[125],[126],  [8], [15], [81],[232], [26],[231],[128], [16],[130],  [7],[124],[229]
 [12], [14],  [9],  [8], [11],[232], [10], [15],[330],[231],[127],[229],[331],  [7], [16],[162],[163],[334],[233],[305]
 [13], [12], [15],  [9],[127], [26],  [8], [16],[229],[126], [11], [27], [81],[232],[231], [10],  [7],[125],[230], [80]
 [14],  [8],[161], [16],[229], [27], [13],[330],[162],  [7],  [6], [26],  [9],[334], [12],[232],[331],[333],[329], [17]
  [7], [17], [24], [26],  [6], [27], [15], [25], [18], [14],[127],  [9],[130],  [5],  [8],[129],[134],[132], [23],  [4]
 [18], [16], [25], [24],  [4],  [5],  [6], [27], [26], [19],[134],  [7],[169], [95], [23],[171],[132],[167], [15],[130]
 [17],  [5], [24], [19],  [4], [23], [16], [25], [96], [22], [95], [97], [20],  [6],  [7],[169],  [3], [21],[130], [98]
 [20], [23], [25], [95], [18], [24], [96], [93], [17],[131], [36], [21], [22],[132], [94],[113], [34],[134], [97],[111]
 [19], [21], [23], [22], [96], [93], [18], [95], [24], [94],[131], [25], [36], [37], [39], [38],[110], [97], [17],[113]
 [20], [22], [23], [19], [96], [18], [24], [39],[131],[129], [94], [93], [95],[110], [97], [37], [38], [25],[130], [36]
 [23], [21], [24], [20],[129], [18], [19],[130],[131], [96], [25], [17], [16],[132],[128],  [5], [37], [95],[127], [97]
 [22], [24], [20],[129], [21], [19],[131], [18],[130], [25], [17],[132], [16], [96], [36], [37],[127], [95], [26],[128]
 [23],[130], [25],[129],[131], [16], [18], [17],[132], [22], [19], [26],[127], [20],[133],  [7],[134], [36],[126], [27]
 [24],[132], [26],[134], [17],[133], [19],[131], [16],[130], [23], [18], [27], [36], [34], [35],[135],[129], [20],[127]
 [27],[133], [25],[132],[134], [16], [28], [14],[126],[127], [24],[130], [17], [15],[135],[229], [80], [35],[131], [79]
 [26],[134], [28], [16],[229], [17], [15],[136], [29],[135], [25],[133],  [6], [14],[159],[161],[169],[132], [31],  [7]
 [31], [29], [30],[135],[134], [27],[229],[136],[230],[133], [80], [26],[137],[228], [32], [78], [33], [79], [14],[132]
 [30], [28],[136],[229],[137], [31],[228],[199],[227],[135], [27],[198],[230],[340],[134],[157],[226],[197],[159], [32]
 [31], [29], [28],[137],[198],[197], [32],[230],[135],[136],[199],[228],[229],[226],[227],[196], [80],[138],[139],[134]
 [30], [32],[135],[137], [28], [29],[136], [33],[197],[134],[142],[139],[198],[133], [34],[230], [80], [78],[138], [60]
 [31], [33],[139],[137],[135],[142],[197], [30], [60],[141], [57], [34],[140], [28], [59],[136],[138], [61],[134], [78]
 [32], [34],[135], [31],[141],[142], [57], [77],[116], [35],[133],[134],[115],[139], [75],[140],[137], [58], [28],[143]
 [33],[115],[135],[134],[116],[133], [35],[142],[143],[141],[114], [36],[113], [32],[146], [25],[132], [31], [19], [93]
[133],[132], [36], [77],[116], [34],[118],[122], [33],[131], [37], [79],[134],[115],[117], [25],[123], [78], [26],[119]
 [37],[131],[118], [35],[132],[116],[117], [38],[115], [34],[133], [25], [19],[119],[123], [93], [77], [20],[130], [91]
 [36], [38],[131],[118],[117],[120],[119],[132],[123], [39], [35],[116],[130],[122],[115], [23], [40], [20], [42], [25]
 [37], [39],[117], [36], [42], [40],[118], [41],[116], [91],[131],[119],[115], [89], [43],[120], [93], [20], [44], [88]
 [40], [38], [42], [41], [37], [43],[117], [36], [20], [21], [93], [91],[118],[131], [44],[120], [23],[115],[116], [89]
 [41], [39], [42], [38], [43], [37],[117], [44],[118], [91], [36], [89],[120],[119], [93],[131], [20],[116], [21],[115]
 [40], [42], [43], [39], [38], [44],[117], [91], [89], [37], [45], [92],[118], [93], [36],[116], [90],[115], [88],[119]
 [43], [41], [39], [38], [40], [44], [91],[117], [92], [93], [89], [45],[115], [37], [90], [36],[116],[118], [88],[114]
 [42], [44], [41], [91], [45], [92], [40], [89], [39], [38], [46],[117], [93], [90],[115],[114],[116], [47], [88], [72]
 [45], [43], [89], [91], [42], [46], [90], [92], [41], [47],[117], [72], [73], [88],[115], [38],[116],[114], [40], [74]
 [44], [46], [47], [91], [90], [92], [43], [89], [73],[114], [72], [48], [42],[115], [53],[117],[116], [88], [54], [74]
 [45], [47], [44], [48], [72], [92], [43], [73], [90], [91], [51], [89], [53],[114], [49], [42], [54], [71], [50], [74]
 [48], [45], [73], [46], [51], [53], [54], [90], [72], [49], [50], [44], [52],[114], [89], [91], [74], [92], [57], [71]
 [47], [49], [51], [50], [72], [73], [54], [71], [46], [53], [52], [45], [70], [55], [74], [90], [44], [57], [89], [58]
 [50], [48], [70], [73], [54], [51], [72], [71], [47], [55], [74], [69], [52], [53], [58], [68], [57], [75], [90], [67]
 [51], [49], [48], [70], [52], [54], [55], [47], [53], [71], [73], [72], [69], [58], [56], [74], [57], [68], [46], [90]
 [52], [50], [54], [48], [53], [49], [55], [47], [73], [56], [57], [70], [72], [58], [90], [45], [46], [71], [74],[141]
 [51], [53], [55], [54], [50], [56], [48], [49], [47], [57],[140],[141], [58], [73], [59], [70], [90],[114], [45],[139]
 [54], [52], [51], [56], [55], [47], [57],[141],[114], [48], [90],[140], [73], [50], [49], [58], [45],[146], [59], [75]
 [55], [53], [51], [57], [49], [73], [58], [52], [56], [47], [50], [48], [74], [90], [75], [59],[141], [70], [72],[114]
 [54], [56], [52], [51], [58], [57], [53], [59], [50], [49], [70], [48], [73],[140],[141], [47], [60], [74], [75], [67]
 [57],[140], [55], [53],[141], [54], [59], [52],[139], [58], [51], [60],[142], [32], [33],[145],[114],[146], [90],[138]
 [58], [56], [54], [59],[141], [75], [55], [33], [53], [32],[140], [90], [73], [60], [74],[139], [76], [61],[116], [52]
 [57], [59], [54], [75], [55], [61], [67], [56], [76], [74], [60], [73], [62], [68], [49], [33], [53], [32],[141], [66]
 [60], [58], [61], [57], [56], [55],[195], [32],[139],[197], [54],[140],[196], [62],[141], [33], [67], [75], [53],[138]
 [59],[197], [61],[195],[196], [32],[139], [58], [57],[138], [56], [31],[137],[198],[194], [62],[140], [33], [30],[141]
 [62], [59], [60], [58], [63], [67], [65],[195], [76], [32], [66], [57], [64],[196],[197], [78], [75], [33], [77], [85]
 [63], [61], [65], [64], [78], [85], [76], [66], [77], [67], [86], [83], [84], [58], [60], [32], [75], [59], [33], [57]
 [62], [64], [65], [78], [61], [83], [85], [84], [66], [76], [77], [79], [80], [86], [82], [67], [60], [32], [30], [31]
 [65], [63], [62], [85], [66], [84], [83], [86], [61], [78], [76], [67], [77], [87], [82], [79], [68], [75],[122], [58]
 [64], [66], [62], [85], [63], [76], [67], [86], [61], [87], [77], [84], [68], [78], [75], [83], [58], [74], [88], [79]
 [67], [65], [68], [76], [64], [62], [61], [85], [86], [87], [63], [75], [74], [58], [69], [77], [88], [70], [84], [78]
 [68], [66], [76], [65], [58], [69], [61], [74], [62], [75], [70], [64], [59], [57], [87], [49], [63], [54], [73], [86]
 [67], [69], [66], [70], [74], [76], [58], [65], [49], [75], [73], [87], [71], [61], [54], [72], [88], [62], [64], [57]
 [70], [68], [67], [49], [71], [66], [74], [50], [58], [73], [72], [54], [76], [55], [48], [75], [65], [51], [61], [57]
 [69], [49], [50], [68], [71], [67], [55], [54], [48], [51], [73], [72], [74], [58], [52], [47], [66], [57], [75], [76]
 [72], [49], [48], [70], [73], [50], [69], [74], [47], [68], [51], [54], [46], [45], [67], [89], [75], [55], [44], [90]
 [73], [71], [48], [49], [47], [74], [45], [89], [46], [44], [50], [54], [90], [70], [88], [51], [75], [68], [69], [53]
 [74], [72], [47], [49], [54], [90], [48], [75], [89], [88], [45], [51], [57], [71], [58], [53], [50], [44], [76], [55]
 [75], [73], [88], [76], [87], [89], [72], [58], [68], [90], [49], [54], [67], [57], [86], [47], [77],[116], [66], [71]
 [74], [88], [76], [87], [77], [57], [58], [73], [89],[116], [90], [86], [33], [54],[117], [67],[115], [62], [68], [66]
 [75], [87], [86], [77], [74], [65], [66], [88], [67], [62], [85], [58], [68], [61], [57], [64],[116], [73], [33], [63]
 [86], [35], [76], [75], [85], [87], [88],[116],[118], [78], [33],[122], [62], [84],[117],[119], [79],[133], [36], [65]
 [79], [83], [80], [84], [63], [62], [85], [77], [82], [81], [35], [31],[122],[230], [86], [32], [64], [28],[133], [30]
 [80], [82], [84], [83], [81], [78],[122],[124],[126],[125], [85], [35],[123],[133], [77],[132],[230], [26], [28], [86]
 [79], [81],[230], [78], [82], [83], [28], [84],[133], [26],[126], [30], [31],[125],[229], [35], [14],[231],[122],[132]
 [80], [82], [79],[125], [83],[230],[126],[124], [84], [14],[231], [78], [12], [26], [28],[122],[127],[229],[123],[133]
 [83], [81], [79], [84], [80],[125],[124], [78],[122], [85],[126],[230],[123],[121], [63], [64], [77], [86],[231], [35]
 [84], [82], [79], [78], [85], [80], [81], [63], [64],[122], [62],[124],[125], [86], [77], [65],[230],[121],[126], [35]
 [83], [85], [79], [82], [78],[122], [86], [80], [77], [63], [64],[121], [81],[124], [62], [65],[125],[119], [35],[123]
 [84], [86], [65], [77], [64], [83], [78],[122], [62], [63], [76], [87], [79],[121], [82],[119], [66], [75],[118], [35]
 [87], [85], [77], [76], [88],[119],[122], [84], [75], [65],[118],[121], [62], [78], [64], [66], [35],[117], [74],[116]
 [86], [88], [76], [75], [77], [74],[119],[118], [89], [85],[117],[116], [65], [66],[122], [73],[121], [90], [35], [67]
 [87], [89], [75], [74],[117],[116], [77], [86], [76],[118], [90], [73],[119],[115], [91], [35], [44], [36], [57], [85]
 [88], [90],[117],[116], [44], [91], [75], [73], [74], [45],[115], [87],[118], [42], [72], [43], [38], [47], [77],[114]
 [89], [91],[115],[116], [45],[114], [73], [88], [47], [75],[117], [44], [74], [57], [54], [92], [53],[141], [34], [33]
[115], [92], [90], [45],[114], [44], [89], [93], [42],[116], [43],[117],[113], [38], [36], [88], [47], [34], [46], [73]
 [91], [93],[114], [45],[113],[115],[112], [43], [90], [44], [94], [42], [46], [47], [89],[116],[117],[146],[111], [53]
[113], [94], [92], [91],[112],[115],[114], [19], [20],[111], [95], [42], [36], [34],[116], [38], [96],[110], [43],[117]
 [93],[112],[111],[110],[113], [95], [96], [20], [92], [19],[109],[114], [97], [91],[150],[115], [21],[146],[108],[147]
 [96],[111], [97], [19],[113],  [2], [94],[112],[143],[109],[110], [18], [20],[147], [17], [93],  [4],[171], [25], [98]
 [97], [95],[110],[109], [20], [19],[108],[111], [18], [94], [98], [21], [23],  [4],  [2], [93], [22],[112], [17],  [3]
 [98], [96],[109],[108], [95],  [2],  [3],  [4],[110], [99], [18],[111],[107],  [5],[105], [19], [17],[100],[106],[171]
 [97], [99],  [3],[107],[105],[109],[108],  [2],[106],[100],  [4], [96],  [5],  [1], [95],[110],[104],  [0], [18],[170]
[107],[100], [98],[106],  [0],  [2],  [1],[109],[105],  [3], [97],[101],[108],[151],[102],[104],[170],  [4],[103],[110]
[102],[101], [99],  [1],  [3],  [0],[103],[106],[105],  [2],[170],[104], [98],[107],[173],[172],[174],  [4],[169],[175]
[102],[100],[106],[103],  [0],[104], [99],  [1],[105],[175],[174],[177],[173],[107],  [3],[170],  [2], [98],[176],[172]
[103],[101],[100],[177],[175],[104],[170],[174],  [1],[176],[173],[178],  [3],[105], [99],  [0],[106],[158],  [2],[168]
[102],[104],[100],[177],[178],[105],[101],  [3],[361],[168],[170],[169],[106],[176],[158], [99],  [4],[175],[360],  [1]
[103],[105],[102],[100],[101],[106],  [3],[361], [99], [98],[178],[360],[177],[168],[107],[170],  [4],  [5],[167],  [1]
[104],[106], [98],[100], [99],  [3],[107],[103],[101],[102], [97],  [4],[108],  [2],  [5],  [1],[109],  [0],[170],[168]
[107],[105], [99],[100],[101], [98],[104],  [0],[108],  [3],[102],[109],[103],  [1], [97],  [2],  [4],[170],[151],[110]
[106], [99], [98],[108],[109],[105], [97],[100],  [0],  [3],  [2],[101],[110],  [1],[104], [96],[151],[102],[111],  [4]
[109],[107], [97], [98],[110], [96], [99],[106],[111],[105], [95],  [2],  [3], [94],[100],  [0],  [4], [18],[151], [20]
[110], [97],[108], [98],[111], [99], [96],[107],  [2], [95],[151], [94],  [3],[112],  [0],[106],  [1],[147],[100],[150]
[109],[111], [96], [94],[108], [97],[112], [95], [98], [93],[113],[107],[151], [20], [99],  [2],[150], [19],[147], [21]
[112],[110], [95], [94],[113],[109],[150],[147], [96],[151], [97],  [2], [93],[146],[143], [19],[149],[148],[108],[171]
[113],[111], [94], [93],[150],[146],[110],[114], [95], [92],[147],[149],[151],[109],[143],[115], [96],[148], [91], [19]
[112], [93],[114],[146],[111],[115], [94], [92], [95], [34],[143], [91],[147],[141], [19],[150],[142],[149],[145],[116]
[115],[113], [91], [92], [90],[141],[146], [93], [34],[112],[116], [53], [45], [47],[142], [33], [57], [89],[140],[143]
[116], [91],[114], [34], [90],[117], [93],[113], [36], [89], [92], [33], [35],[141], [88], [38],[118], [45],[146], [75]
[115],[117], [88], [89], [36], [90],[118], [34], [35], [77], [91], [75], [33],[114], [37], [38], [87],[133], [57],[119]
[116],[118], [89], [88], [38], [36],[115], [37], [91],[119], [90], [87], [42], [35], [77], [75], [44], [86], [39], [34]
[119],[117], [37], [36],[116], [35], [38],[122], [88],[120], [77], [87], [86], [89],[121],[123],[131],[132],[115], [75]
[118],[120],[121],[122], [86], [37], [87],[117],[123], [77], [88], [36], [35], [38], [85],[116], [84],[124],[131], [89]
[119],[121],[123],[122],[118], [37],[124],[131], [38], [36],[117],[132], [35], [86],[126],[130], [87], [79], [77], [84]
[122],[120],[119],[124],[123], [86], [84],[118], [85], [79], [87], [82], [77], [37],[125], [83],[126], [35], [36],[117]
[121],[123],[119], [79], [84],[124],[120],[118], [85], [86], [35], [77], [82],[126],[132], [83], [78],[125], [37], [36]
[124],[122],[126],[120],[131],[132],[130],[125],[121], [37],[119],[127], [79],[118], [35],[129], [36],[133], [84], [82]
[125],[123],[126],[122], [82], [79],[121], [81],[120], [84],[127], [83],[130], [80],[132],[119], [12],[131], [35],[128]
[124],[126], [81], [82],[127], [79],[123], [12], [80], [14],[122], [11], [83],[130], [84], [26],[132],[128],  [9],[121]
[127],[125],[124],[123],[130],[132], [26], [79], [81], [14], [12],[122], [80],[133],[131],[129], [82],[128],  [9], [24]
[126],[130],[129],  [9], [12],[128], [14],[125], [26], [16], [24],[132],[123], [11],[124],[131], [25], [13], [10],  [7]
[129],[127],[130],  [9],[126], [11], [12], [10], [24],[123],[125],[131],[124], [23], [22], [16], [14],[132],  [7], [26]
[130], [24],[128], [23],[127],[131], [22],[132],[126],[123], [25], [16],  [9], [26], [18], [37], [17], [19], [20], [21]
[129], [24],[131],[127],[132],[126], [25], [23],[123], [26],[128], [16], [22],[133], [37], [36],  [9], [17],[124],[125]
[132],[130], [37], [36], [24], [23],[129], [25],[123], [35], [19],[133], [20], [38],[126],[118],[127], [26], [22],[120]
[133],[131], [25], [35],[130], [26], [36], [24],[126],[123],[134], [37],[127],[129], [34],[122], [19], [23],[118], [79]
[132],[134], [35], [26], [25],[135], [34], [28], [36], [33], [27], [80], [31],[131], [79],[126],[130], [77], [24],[116]
[135],[133], [27], [26], [25], [34], [28],[136],[143],[132], [31], [17],[142], [33], [35], [29], [32],[137], [16], [19]
[134],[136], [31],[142], [28],[137],[143], [34], [32],[133], [33], [29],[144], [27], [30],[139], [26],[141], [25], [35]
[135],[137], [29],[134], [31],[144], [28],[157],[143],[142], [27], [30],[199],[171],[340], [32],[139],[138],[159],[229]
 [31],[138],[136],[139],[197], [30],[135],[142], [32], [29],[198],[199],[144], [28],[140],[342],[157],[143], [33],[145]
[139],[137],[197],[342],[198],[199],[140],[155],[142],[192],[196], [60], [32],[145],[144], [31],[136], [30],[190],[345]
[140],[138],[142],[137], [32],[141],[197],[145], [60], [31], [56],[135],[144], [33], [59],[136], [57],[155],[198],[146]
[139],[141],[142], [56],[145],[146],[138], [57], [32],[137],[144], [53], [33], [59],[155],[143], [60],[149],[135],[114]
[140],[142],[146], [56],[139], [57], [33],[114], [34],[145], [53], [32],[143],[115],[135],[113], [90], [54],[144],[137]
[141],[139],[143],[135],[140],[145],[144],[146],[137], [32], [34], [33],[136], [31],[134],[138],[147],[155], [56],[114]
[144],[142],[135],[146],[147],[145],[134],[171],[136], [34], [95],[113],[141],[137],[148],[111],[140],[157],[139], [33]
[145],[143],[142],[147],[155],[136],[171],[157],[146],[148],[135],[137],[154],[139],[172],[140],[342],[138],[141],[134]
[144],[146],[148],[142],[140],[155],[147],[149],[143],[139],[141],[154],[150],[138],[137],[153],[342],[171],[135],[136]
[145],[147],[142],[113],[143],[141],[149],[114],[144],[140],[148],[112],[150], [34],[111],[139],[115],[135], [95],[155]
[148],[150],[146],[145],[144],[149],[151],[143],[171],[153],[111],  [2],[172],[154],[112], [95],[113],  [1],[155],[142]
[149],[147],[153],[145],[154],[150],[151],[152],[155],[144],[146],[172],[143],[171],  [1],[142],  [2],[111],[140],[173]
[148],[150],[147],[145],[152],[146],[151],[153],[112],[154],[144],[155],[111],[140],[113],[143],[141],[142],[172],[114]
[149],[151],[148],[147],[152],[112],[111],[146],[153],[145],[113],  [2],[154],[109],[110],[144],[143],[172], [94],  [1]
[150],[153],[152],[147],[148],  [0],[149],[111],  [1],  [2],[109],[172],[112], [99],[154],[110],[146],[171],[145], [95]
[153],[151],[150],[149],[148],[154],[147],  [0],[172],  [1],[145],[155],[146],[111],[112],[173],  [2],[144],[343],[109]
[154],[148],[172],[152],[151],[147],  [1],[173],[149],[150],  [0],[155],[145],  [2],[156],[174],[171],[144],[343],[146]
[172],[153],[155],[148],[156],[173],[343],[147],[145],[144],[174],  [1],[341],[342],[171],[149],[152],[157],[151],[170]
[154],[342],[145],[343],[144],[148],[156],[341],[172],[138],[153],[157],[147],[139],[142],[140],[173],[149],[137],[171]
[173],[341],[172],[154],[339],[174],[155],[157],[343],[342],[158],[340],[170],[344],[153],[171],[144],[176],[175],[346]
[340],[158],[136],[159],[144],[171],[156],[339],[170],[342],[172],[155],[169],[338],[341], [29],[137],[173],[199],[154]
[159],[170],[169],[157],[338],[339],[168],[160],[337],[340],[177],[173],[171],[176],[156],[172],[348],[178],[174],[102]
[158],[160],[338],[161],[169],[157],[168],[340],[337],[170],[333],[339],  [6], [27],[167],[136], [29],[171],[336],[358]
[168],[358],[161],[159],[167],[337],[162],[158],[335],[169],[338],  [6],[361],[357],[359],[336],[334],[333],[178],[352]
[162],[160],[334],[159],[333], [15],[358],  [6],[330],[167],[335],[168],[163],[338],[331],[336],  [8],[229], [27],[337]
[161],[163],[164],[165],[167],[358],[334],  [8],  [6],[359],[160],[166], [15],  [7],[335],[357],[168],[330],[360],[331]
[164],[162],[334],  [8],[165],[335],[359],[358],[161],[301],[357],[331],[166],[167], [15],[330],  [7],[160], [13],  [6]
[165],[163],[162],[359],[166],  [8],[358],[167],  [7],[360],[357],[334],  [6],[335],[161], [10],[160], [15],  [9],[361]
[164],[166],[359],[162],[167],  [7],[163],[360],  [6],[358],  [8],[357],  [5],[161],[168],[160],[361], [10], [15], [16]
[165],[167],[359],[360],  [6],[164],  [5],[162],  [7],[358],[168],[361],[160],[357],  [4],[163],[161],  [8],[169], [16]
[166],[168],  [6],  [5],[162],[358],[160],[359],[165],[360],[169],  [7],[161],  [4],[361],[164],[159],[357],  [3], [16]
[167],[169],[160],  [6],  [4],[158],[159],[170],  [5],[358],  [3],[361],[161],[166],[103],[162],[359],[360],[178],[337]
[168],  [4],[170],  [3],[158],[171],[159],  [5],  [6],[167],[160],  [2], [17],[157],[161], [27],[103], [18],[100],[172]
[169],[158],[171],  [3],  [2],[173],[168],[172],  [1],  [4],[100],[102],[157],[159],[103],[177],[174],[156],[160],[176]
[170],  [2],[169],[144],[172],[147],[157],[143],  [1],  [4],[158],  [3],[173],[136], [95],[154],[148],[156],[159],[145]
[173],[154],[153],  [1],[156],[171],[174],[170],[148],  [2],[147],[155],[157],[144],  [0],[151],[158],[100],[145],[175]
[174],[172],[156],  [1],[154],[175],[170],[153],[158],[176],[102],[171],[100],[339],[157],  [2],  [0],[341],[177],[155]
[173],[175],[176],[172],[156],  [1],[102],[177],[154],[170],[339],[101],[100],[153],[158],  [0],[341],[103],[157],[171]
[174],[176],[173],[177],[102],[101],[156],[179],[172],  [1],[100],[182],[103],[170],[339],[178],[158],  [0],[154],[185]
[177],[175],[182],[174],[179],[339],[178],[185],[158],[173],[337],[102],[156],[348],[183],[350],[170],[103],[187],[338]
[176],[178],[102],[175],[179],[182],[103],[158],[337],[174],[170],[180],[181],[361],[173],[168],[101],[339],[100],[160]
[177],[361],[179],[103],[180],[182],[181],[176],[337],[102],[168],[160],[358],[158],[352],[357],[350],[360],[104],[175]
[180],[182],[183],[177],[181],[178],[176],[184],[175],[185],[350],[102],[337],[103],[361],[352],[174],[353],[186],[101]
[179],[181],[182],[178],[183],[177],[353],[352],[361],[356],[176],[184],[355],[350],[337],[357],[185],[103],[102],[358]
[180],[182],[353],[352],[179],[178],[356],[350],[183],[355],[337],[357],[361],[177],[184],[351],[185],[176],[358],[335]
[179],[183],[185],[176],[181],[350],[184],[177],[180],[337],[178],[186],[352],[348],[175],[339],[187],[349],[338],[353]
[184],[182],[179],[180],[185],[181],[176],[350],[177],[186],[178],[337],[175],[187],[352],[353],[348],[349],[339],[351]
[183],[185],[182],[186],[350],[179],[187],[181],[349],[176],[180],[348],[294],[337],[177],[352],[351],[339],[293],[353]
[186],[184],[350],[182],[348],[187],[349],[337],[176],[339],[183],[347],[338],[346],[179],[177],[294],[188],[181],[336]
[185],[349],[187],[348],[294],[350],[184],[188],[347],[292],[293],[182],[295],[290],[346],[339],[337],[296],[338],[336]
[348],[186],[346],[185],[188],[347],[339],[349],[189],[341],[292],[344],[184],[350],[294],[176],[338],[190],[182],[340]
[189],[347],[291],[187],[290],[201],[292],[190],[348],[349],[202],[346],[186],[294],[293],[191],[289],[203],[339],[296]
[188],[190],[291],[201],[191],[202],[347],[346],[345],[292],[187],[290],[223],[222],[348],[341],[192],[344],[200],[203]
[191],[189],[345],[347],[201],[188],[199],[192],[346],[342],[341],[200],[340],[198],[202],[138],[223],[348],[227],[344]
[192],[190],[223],[200],[193],[201],[189],[222],[202],[198],[345],[199],[224],[225],[188],[194],[196],[221],[291],[226]
[191],[193],[194],[190],[200],[196],[198],[138],[345],[197],[223],[195],[199],[222],[342],[189],[201], [60],[137],[139]
[194],[192],[196],[200],[191],[223],[195],[198],[222],[197],[224],[323],[324],[226],[199],[190],[225],[201],[221],[138]
[195],[193],[196],[192],[197], [60],[198],[200],[191],[223], [59],[138], [61],[323],[222],[199],[324],[139],[226],[224]
[194],[196], [60],[197],[193], [59], [61],[198],[192],[200],[138], [32],[139], [62], [30],[137],[191], [63], [31], [58]
[195],[197],[198],[194],[193], [60],[200],[192],[138], [30],[137],[199], [59], [32], [61],[139], [31],[191],[226],[223]
[198],[196],[137], [60],[138], [30],[139], [32],[195], [31],[199],[194],[200],[192], [59],[193], [29], [61],[142],[136]
[197],[199],[196],[200], [30],[137],[138],[226], [29],[192],[193],[227], [31],[191],[195],[190],[139], [60],[194], [32]
[198],[227],[137], [29],[200],[340],[190],[138], [30],[197],[226],[136],[342],[191],[201],[347],[157],[196],[192],[228]
[198],[223],[191],[226],[193],[199],[201],[225],[224],[196],[192],[227],[190],[324],[197],[202],[194],[222], [30],[327]
[202],[225],[223],[188],[224],[200],[191],[189],[190],[203],[290],[227],[347],[226],[291],[199],[222],[326],[328],[221]
[203],[201],[291],[223],[222],[290],[204],[225],[224],[221],[189],[188],[289],[191],[220],[200],[288],[190],[292],[205]
[202],[204],[289],[220],[290],[205],[221],[225],[288],[224],[291],[201],[223],[206],[222],[326],[219],[325],[188],[295]
[203],[202],[205],[220],[291],[221],[289],[290],[222],[219],[224],[223],[218],[288],[206],[292],[293],[201],[225],[212]
[289],[206],[203],[288],[204],[212],[207],[220],[290],[213],[287],[295],[215],[202],[291],[293],[214],[294],[219],[286]
[205],[207],[213],[288],[212],[244],[289],[287],[208],[286],[215],[203],[220],[240],[214],[211],[243],[204],[209],[326]
[208],[287],[206],[209],[211],[286],[213],[205],[212],[210],[288],[285],[289],[244],[295],[247],[298],[214],[297],[284]
[209],[207],[211],[247],[286],[284],[213],[285],[287],[210],[248],[244],[206],[251],[212],[298],[249],[243],[283],[245]
[208],[210],[207],[211],[285],[287],[284],[286],[251],[247],[248],[213],[206],[283],[298],[212],[297],[244],[299],[295]
[209],[211],[207],[208],[287],[285],[212],[286],[284],[213],[251],[206],[247],[295],[205],[297],[248],[214],[289],[288]
[210],[208],[209],[207],[213],[212],[247],[206],[214],[287],[251],[286],[285],[284],[244],[205],[250],[248],[243],[246]
[213],[205],[206],[214],[207],[211],[215],[208],[289],[210],[287],[220],[209],[204],[243],[244],[288],[203],[216],[247]
[214],[206],[212],[243],[215],[207],[244],[211],[208],[247],[205],[240],[246],[216],[209],[286],[287],[220],[288],[245]
[213],[215],[243],[212],[216],[206],[244],[240],[211],[247],[207],[246],[239],[205],[208],[219],[220],[217],[242],[218]
[216],[214],[219],[213],[240],[220],[239],[243],[218],[217],[206],[212],[205],[244],[237],[325],[203],[238],[204],[221]
[215],[219],[217],[239],[218],[214],[240],[220],[243],[213],[237],[238],[325],[221],[242],[206],[212],[205],[244],[204]
[218],[216],[219],[215],[220],[239],[221],[214],[204],[240],[212],[237],[213],[205],[203],[222],[325],[243],[206],[224]
[219],[217],[220],[216],[221],[215],[239],[204],[222],[237],[325],[224],[203],[240],[223],[323],[205],[214],[202],[324]
[218],[220],[216],[221],[215],[239],[217],[325],[237],[240],[224],[203],[204],[326],[324],[323],[222],[238],[206],[205]
[219],[221],[203],[218],[204],[215],[205],[224],[325],[206],[216],[240],[202],[222],[239],[326],[289],[223],[225],[217]
[222],[220],[224],[223],[219],[218],[203],[202],[204],[325],[225],[201],[324],[291],[323],[326],[191],[237],[205],[217]
[221],[223],[202],[224],[191],[204],[203],[201],[291],[220],[193],[225],[200],[189],[218],[219],[192],[324],[190],[325]
[224],[222],[202],[221],[225],[191],[200],[201],[193],[324],[203],[226],[325],[192],[323],[326],[220],[190],[189],[204]
[223],[225],[325],[221],[324],[326],[202],[222],[201],[203],[200],[226],[220],[323],[219],[327],[191],[237],[193],[204]
[224],[201],[326],[226],[223],[202],[203],[200],[325],[328],[227],[324],[327],[221],[288],[290],[191],[222],[220],[199]
[227],[327],[225],[200],[228],[324],[328],[326],[198],[224],[199],[201],[223], [30],[325], [29],[329],[235],[323],[196]
[226],[228],[328],[199], [29],[225],[329],[201],[327],[200],[198],[333],[229],[340], [30],[347],[326],[330],[338],[190]
[229],[329],[227], [29],[230],[328],[226],[327],[231],[330], [30], [28],[333],[232],[332],[199],[235],[234],[233],[198]
[228], [29],[230], [28],[330], [27], [15],[329],[231], [14], [30],[333],[227], [26],[232],[161], [80],[136], [13],[328]
 [80],[229],[228], [28],[231], [30], [81], [29], [31], [78], [79], [14],[329], [26],[232],[327], [27],[226], [83], [82]
[232],[233],[230],[329],[228],[229],[330],[235],[234], [13], [81],[327], [14],[331],[317], [80],[328],[264],[332], [12]
[231],[233],[330],[331],[329], [13],[332],[305],[315],[234],[229],[228], [14], [15],[334], [12],[265],  [8],[328],[235]
[232],[231],[234],[317],[315],[235],[264],[265],[329],[316],[305],[330],[327],[332],[331],[314],[228],[328],[313],[236]
[235],[315],[316],[233],[317],[327],[328],[236],[329],[332],[326],[232],[231],[331],[303],[330],[314],[228],[298],[319]
[234],[327],[236],[317],[319],[233],[326],[231],[318],[325],[328],[316],[324],[329],[315],[226],[228],[237],[241],[232]
[235],[240],[241],[326],[325],[319],[234],[317],[318],[237],[316],[238],[327],[244],[239],[324],[315],[245],[242],[243]
[325],[239],[238],[240],[324],[323],[236],[319],[219],[326],[224],[318],[220],[235],[241],[216],[218],[327],[221],[242]
[239],[237],[318],[240],[242],[319],[241],[236],[325],[243],[321],[320],[216],[317],[219],[235],[323],[324],[326],[244]
[240],[238],[237],[216],[219],[215],[325],[243],[242],[236],[241],[218],[220],[318],[319],[214],[244],[326],[323],[324]
[239],[243],[236],[238],[325],[237],[244],[241],[215],[219],[242],[326],[206],[216],[220],[213],[214],[318],[245],[319]
[318],[242],[245],[236],[240],[238],[317],[244],[243],[316],[246],[239],[266],[319],[235],[237],[267],[234],[314],[315]
[241],[243],[238],[318],[240],[246],[239],[245],[244],[236],[237],[319],[247],[216],[317],[215],[214],[266],[316],[213]
[244],[240],[246],[214],[213],[242],[247],[241],[245],[215],[239],[216],[206],[238],[236],[208],[250],[249],[248],[316]
[243],[245],[247],[240],[213],[316],[246],[241],[206],[248],[208],[236],[286],[207],[214],[242],[249],[215],[314],[234]
[246],[244],[249],[241],[248],[247],[316],[267],[243],[314],[242],[266],[250],[315],[236],[317],[240],[318],[208],[251]
[247],[245],[243],[249],[250],[244],[242],[248],[241],[251],[213],[214],[208],[240],[267],[316],[252],[253],[314],[266]
[246],[250],[248],[249],[244],[208],[251],[245],[243],[213],[211],[284],[252],[214],[209],[207],[286],[253],[206],[241]
[249],[284],[247],[245],[251],[252],[283],[244],[314],[208],[303],[316],[286],[246],[250],[285],[304],[267],[315],[269]
[248],[250],[247],[245],[252],[246],[251],[253],[267],[269],[284],[314],[244],[254],[256],[208],[258],[283],[255],[268]
[249],[247],[251],[246],[253],[252],[254],[248],[245],[208],[243],[244],[284],[255],[211],[213],[256],[267],[214],[209]
[252],[254],[253],[250],[284],[249],[247],[255],[248],[208],[283],[209],[246],[211],[256],[285],[282],[245],[244],[210]
[253],[251],[255],[249],[256],[254],[284],[283],[248],[282],[269],[250],[274],[247],[273],[275],[258],[314],[245],[304]
[254],[252],[251],[255],[256],[249],[250],[248],[284],[247],[269],[258],[283],[273],[282],[246],[274],[257],[245],[208]
[253],[255],[251],[252],[250],[256],[249],[284],[247],[248],[283],[282],[208],[209],[273],[269],[274],[211],[246],[275]
[254],[252],[253],[251],[282],[283],[284],[256],[275],[274],[248],[249],[273],[250],[285],[277],[209],[269],[276],[247]
[273],[252],[257],[253],[258],[269],[274],[270],[255],[254],[275],[249],[271],[282],[259],[251],[272],[283],[268],[312]
[258],[270],[256],[259],[273],[269],[272],[271],[268],[274],[310],[311],[260],[312],[252],[253],[267],[261],[313],[275]
[259],[257],[269],[268],[256],[270],[267],[260],[273],[261],[312],[311],[249],[252],[274],[271],[266],[313],[253],[310]
[258],[268],[260],[257],[261],[269],[270],[311],[267],[312],[310],[262],[313],[266],[256],[271],[273],[308],[314],[307]
[261],[259],[262],[268],[258],[266],[267],[263],[311],[269],[257],[313],[265],[308],[312],[270],[310],[264],[307],[314]
[260],[262],[266],[268],[263],[259],[267],[265],[313],[264],[311],[258],[312],[307],[269],[314],[308],[317],[310],[270]
[263],[261],[265],[264],[307],[268],[313],[260],[266],[311],[308],[259],[267],[312],[305],[314],[310],[306],[269],[317]
[264],[262],[265],[261],[266],[307],[313],[260],[268],[317],[233],[267],[308],[305],[311],[314],[312],[320],[315],[259]
[263],[265],[262],[317],[233],[266],[261],[313],[315],[307],[231],[320],[267],[314],[232],[318],[305],[235],[268],[234]
[264],[313],[263],[266],[262],[317],[314],[315],[267],[233],[261],[305],[268],[307],[312],[316],[232],[304],[234],[311]
[267],[261],[265],[268],[314],[264],[262],[313],[317],[263],[245],[260],[241],[318],[259],[315],[316],[269],[258],[312]
[266],[268],[314],[313],[269],[261],[245],[265],[249],[258],[259],[312],[262],[315],[316],[248],[260],[317],[304],[241]
[267],[259],[313],[269],[312],[261],[258],[266],[311],[314],[262],[260],[265],[270],[307],[304],[257],[305],[310],[263]
[268],[258],[312],[259],[256],[267],[270],[313],[274],[257],[252],[314],[273],[311],[271],[249],[304],[248],[310],[266]
[271],[273],[272],[310],[257],[311],[259],[269],[274],[258],[312],[256],[268],[309],[275],[308],[313],[281],[260],[306]
[270],[310],[272],[274],[273],[311],[312],[281],[309],[275],[269],[306],[257],[276],[256],[259],[308],[268],[313],[304]
[271],[270],[273],[310],[274],[257],[309],[311],[275],[256],[312],[269],[259],[281],[258],[276],[308],[306],[268],[282]
[274],[256],[270],[272],[271],[257],[275],[269],[258],[310],[282],[252],[281],[312],[259],[276],[311],[255],[253],[268]
[275],[273],[271],[281],[282],[256],[270],[276],[269],[272],[312],[283],[252],[304],[280],[310],[257],[255],[311],[300]
[276],[274],[282],[281],[277],[280],[273],[283],[271],[255],[256],[300],[272],[279],[252],[270],[304],[278],[284],[269]
[275],[280],[277],[282],[281],[274],[279],[278],[283],[300],[271],[273],[299],[301],[304],[272],[255],[312],[306],[284]
[280],[278],[279],[276],[282],[275],[283],[281],[300],[299],[354],[285],[301],[274],[284],[255],[304],[303],[302],[252]
[277],[279],[354],[280],[276],[299],[355],[282],[353],[301],[300],[275],[281],[356],[351],[285],[283],[352],[302],[335]
[280],[277],[278],[299],[300],[301],[354],[282],[276],[281],[302],[283],[285],[351],[303],[275],[298],[304],[297],[353]
[279],[277],[300],[281],[276],[282],[278],[301],[299],[275],[283],[304],[302],[274],[303],[354],[285],[284],[306],[298]
[280],[300],[282],[274],[275],[276],[304],[283],[271],[312],[306],[279],[277],[303],[301],[305],[299],[273],[313],[269]
[283],[275],[277],[280],[276],[281],[274],[284],[255],[300],[252],[279],[299],[304],[285],[273],[256],[303],[278],[248]
[282],[284],[300],[252],[248],[285],[303],[281],[304],[299],[280],[255],[275],[274],[277],[251],[279],[286],[276],[314]
[283],[285],[248],[251],[252],[208],[209],[286],[282],[255],[303],[299],[247],[300],[249],[298],[304],[287],[253],[207]
[286],[284],[209],[299],[287],[298],[208],[283],[297],[207],[300],[303],[248],[279],[210],[282],[302],[277],[251],[280]
[298],[287],[285],[208],[207],[297],[284],[209],[288],[299],[303],[206],[248],[244],[316],[302],[283],[300],[296],[295]
[207],[286],[288],[209],[297],[295],[285],[208],[298],[206],[289],[205],[210],[296],[211],[284],[299],[213],[212],[290]
[289],[287],[205],[290],[206],[296],[203],[295],[286],[297],[207],[298],[225],[326],[294],[328],[202],[201],[204],[220]
[290],[205],[288],[203],[295],[294],[204],[293],[206],[291],[202],[287],[207],[292],[296],[220],[201],[188],[297],[212]
[289],[291],[294],[203],[202],[288],[293],[188],[292],[295],[201],[204],[205],[296],[349],[189],[225],[186],[347],[287]
[292],[202],[290],[188],[189],[204],[293],[203],[289],[294],[201],[222],[221],[223],[205],[191],[295],[288],[190],[225]
[293],[291],[294],[290],[188],[189],[289],[186],[187],[202],[295],[204],[349],[203],[201],[347],[346],[205],[348],[288]
[292],[294],[290],[295],[291],[289],[186],[188],[205],[349],[204],[203],[288],[202],[189],[187],[287],[296],[297],[185]
[293],[295],[292],[290],[186],[289],[349],[291],[188],[288],[296],[187],[297],[205],[185],[287],[203],[348],[202],[184]
[294],[289],[287],[297],[288],[290],[293],[296],[349],[205],[207],[186],[292],[286],[298],[203],[206],[291],[351],[188]
[297],[288],[349],[336],[295],[298],[328],[290],[332],[333],[289],[351],[287],[294],[338],[201],[350],[286],[347],[348]
[298],[296],[351],[287],[295],[286],[299],[285],[288],[302],[336],[349],[332],[294],[289],[207],[350],[301],[300],[279]
[286],[297],[299],[302],[303],[285],[332],[287],[296],[300],[288],[301],[316],[351],[284],[331],[315],[328],[234],[207]
[300],[279],[302],[298],[301],[285],[303],[280],[297],[283],[286],[351],[284],[277],[304],[282],[278],[281],[332],[331]
[299],[303],[301],[280],[302],[304],[279],[281],[283],[282],[298],[277],[284],[285],[305],[331],[315],[276],[286],[314]
[302],[300],[299],[279],[280],[331],[334],[303],[335],[163],[304],[332],[298],[281],[351],[305],[336],[277],[330],[278]
[301],[303],[299],[300],[331],[332],[298],[334],[304],[297],[315],[279],[330],[286],[351],[333],[329],[335],[336],[280]
[304],[300],[302],[315],[314],[299],[298],[316],[283],[305],[301],[248],[286],[332],[313],[284],[331],[281],[234],[285]
[303],[305],[300],[313],[314],[312],[315],[281],[283],[306],[302],[301],[269],[299],[280],[248],[274],[316],[268],[282]
[306],[313],[304],[312],[307],[315],[314],[265],[303],[232],[311],[233],[331],[300],[281],[302],[268],[301],[262],[308]
[305],[307],[312],[311],[313],[304],[308],[281],[310],[271],[309],[300],[303],[301],[265],[314],[268],[315],[232],[274]
[308],[306],[311],[305],[312],[313],[262],[265],[310],[309],[263],[268],[264],[304],[261],[271],[314],[232],[259],[315]
[307],[311],[309],[310],[262],[306],[312],[313],[271],[305],[268],[259],[261],[270],[263],[260],[265],[269],[272],[264]
[310],[308],[311],[271],[306],[307],[272],[312],[270],[305],[281],[313],[274],[259],[262],[273],[268],[269],[257],[304]
[311],[309],[271],[270],[308],[312],[272],[307],[306],[259],[273],[274],[268],[269],[257],[313],[281],[258],[262],[305]
[310],[312],[308],[307],[271],[270],[268],[313],[309],[306],[259],[262],[269],[305],[261],[272],[258],[260],[304],[274]
[313],[311],[268],[305],[306],[304],[269],[271],[307],[310],[314],[270],[281],[274],[308],[259],[267],[262],[265],[303]
[312],[314],[305],[268],[265],[304],[267],[307],[315],[311],[262],[269],[306],[266],[303],[261],[264],[259],[316],[263]
[315],[313],[267],[316],[304],[303],[268],[265],[266],[248],[305],[312],[245],[269],[317],[249],[234],[233],[300],[283]
[314],[316],[303],[234],[233],[304],[305],[313],[317],[265],[232],[332],[302],[331],[267],[235],[329],[300],[236],[298]
[315],[234],[314],[317],[303],[244],[245],[236],[241],[248],[235],[233],[286],[298],[267],[304],[313],[265],[332],[266]
[235],[318],[234],[233],[236],[316],[315],[264],[265],[241],[319],[266],[314],[320],[245],[267],[327],[231],[313],[263]
[241],[319],[317],[238],[236],[320],[242],[235],[237],[266],[240],[321],[316],[239],[245],[234],[264],[325],[265],[233]
[318],[235],[236],[320],[238],[237],[321],[317],[324],[325],[327],[322],[241],[323],[326],[234],[240],[239],[233],[242]
[321],[319],[318],[322],[317],[238],[235],[264],[236],[241],[263],[237],[266],[233],[265],[242],[327],[323],[324],[234]
[322],[320],[319],[318],[238],[323],[237],[235],[324],[317],[236],[239],[325],[241],[327],[242],[264],[240],[326], [63]
[321],[320],[319],[323],[324],[237],[238],[318],[235], [63],[325],[327],[236],[239], [83],[317], [64],[226],[326], [62]
[324],[325],[237],[224],[322],[319],[223],[326],[226],[327],[193],[221],[200],[225],[219],[239],[238],[321],[236],[235]
[323],[325],[224],[326],[327],[237],[226],[225],[223],[319],[200],[235],[236],[221],[193],[219],[328],[239],[240],[238]
[326],[324],[237],[224],[236],[240],[323],[225],[219],[327],[239],[220],[319],[235],[221],[238],[223],[226],[203],[234]
[325],[327],[225],[224],[324],[236],[328],[226],[235],[234],[237],[240],[203],[288],[201],[220],[223],[323],[227],[319]
[326],[235],[226],[328],[234],[228],[324],[329],[225],[325],[227],[236],[319],[224],[231],[233],[317],[323],[200],[332]
[329],[327],[227],[332],[234],[326],[228],[226],[225],[333],[330],[296],[235],[331],[288],[201],[298],[229],[233],[231]
[330],[328],[332],[228],[331],[333],[232],[234],[229],[231],[327],[227],[233],[334],[235],[302],[226],[315], [15],[161]
[329],[331],[333],[332],[232],[334],[229], [15],[228],[161],[231],[328],[302], [13],[233],[162],[234],  [8],[227], [14]
[330],[332],[334],[302],[329],[232],[333],[301],[303],[315],[161],[163],[305],[335],[328],[234],[233], [15],[300],[298]
[331],[329],[330],[302],[333],[328],[234],[334],[298],[232],[315],[296],[303],[336],[301],[233],[228],[297],[299],[316]
[330],[329],[332],[334],[331],[161],[336],[338],[328],[227],[228],[159],[229],[296],[335],[160],[302], [15],[337],[162]
[331],[335],[330],[161],[163],[333],[162],[332],[301],[302],[336],[358], [15],[329],  [8],[160],[164],[232],[357],[352]
[334],[357],[358],[352],[336],[163],[160],[162],[161],[351],[356],[301],[359],[337],[333],[353],[331],[302],[350],[164]
[350],[335],[337],[351],[333],[338],[352],[296],[349],[334],[160],[297],[161],[332],[348],[302],[358],[331],[159],[330]
[350],[338],[336],[160],[158],[348],[182],[352],[159],[339],[185],[178],[177],[349],[176],[335],[358],[181],[168],[161]
[337],[159],[348],[339],[340],[158],[336],[347],[333],[350],[160],[349],[157],[161],[185],[296],[227],[335],[168],[186]
[348],[340],[338],[347],[341],[156],[158],[187],[157],[346],[176],[337],[185],[159],[173],[349],[174],[350],[342],[344]
[157],[339],[347],[338],[199],[341],[348],[159],[158],[342],[190], [29],[156],[227],[136],[137],[346],[155],[144],[337]
[342],[344],[156],[346],[343],[339],[345],[340],[155],[347],[190],[157],[154],[348],[187],[173],[172],[174],[189],[199]
[155],[341],[343],[138],[345],[340],[156],[190],[157],[199],[144],[154],[137],[344],[145],[139],[346],[339],[347],[192]
[155],[341],[342],[344],[154],[345],[156],[346],[172],[153],[148],[173],[138],[145],[190],[339],[144],[157],[174],[340]
[341],[346],[343],[345],[342],[156],[187],[339],[190],[189],[155],[347],[154],[348],[188],[174],[173],[340],[172],[185]
[190],[342],[344],[341],[343],[346],[189],[192],[191],[138],[347],[188],[155],[199],[340],[156],[339],[187],[201],[200]
[187],[341],[344],[347],[348],[339],[188],[189],[345],[190],[342],[156],[340],[186],[343],[185],[349],[338],[292],[176]
[348],[188],[339],[340],[349],[190],[187],[346],[338],[189],[201],[341],[186],[227],[199],[185],[296],[290],[157],[337]
[347],[339],[349],[187],[338],[185],[186],[350],[337],[188],[346],[340],[341],[336],[158],[176],[190],[296],[182],[189]
[186],[348],[350],[347],[296],[185],[188],[187],[294],[338],[336],[290],[337],[295],[339],[297],[351],[201],[293],[292]
[337],[185],[349],[336],[182],[186],[352],[351],[348],[338],[181],[184],[335],[353],[339],[296],[187],[176],[160],[347]
[352],[336],[297],[350],[353],[335],[299],[296],[302],[298],[301],[337],[349],[279],[354],[334],[356],[357],[181],[295]
[353],[335],[351],[357],[356],[350],[181],[336],[337],[358],[355],[354],[160],[361],[182],[178],[180],[334],[359],[338]
[352],[355],[356],[354],[181],[351],[357],[335],[350],[180],[278],[336],[358],[279],[337],[182],[361],[301],[178],[297]
[355],[353],[278],[356],[279],[352],[277],[357],[351],[280],[335],[301],[299],[181],[300],[276],[358],[336],[297],[302]
[356],[354],[353],[357],[352],[181],[278],[180],[335],[351],[361],[279],[358],[359],[360],[178],[301],[350],[277],[280]
[357],[355],[353],[352],[354],[358],[335],[359],[361],[181],[360],[351],[180],[178],[163],[160],[164],[337],[336],[278]
[356],[358],[359],[335],[361],[352],[360],[353],[160],[162],[355],[163],[164],[167],[181],[165],[166],[334],[178],[354]
[357],[359],[160],[361],[335],[167],[162],[360],[161],[168],[166],[164],[356],[352],[165],[163],[334],[337],  [6],[178]
[360],[358],[357],[166],[165],[164],[361],[167],[162],[163],[356],[160],[335],[168],  [6],[161],[352],[334],  [7],  [5]
[359],[361],[166],[358],[167],[357],[165],[164],[168],[356],[162],[160],[178],[103],  [6],  [5],[104],[163],[335],[161]
[360],[358],[359],[357],[178],[168],[167],[160],[356],[103],[166],[352],[181],[177],[104],[337],[335],[180],[165],[162]
